city_id,city,lat,lng,max_temp,humidity,cloudiness,wind_speed,country,date
1,Norfolk,42.17,-71.25,68.0,88,1,2.42,US,1596259718
2,Punta Arenas,-53.15,-70.92,37.4,86,98,11.41,CL,1596259417
3,Cañon City,38.44,-105.24,68.0,56,1,18.34,US,1596259472
4,Rikitea,-23.12,-134.97,73.56,85,100,5.03,PF,1596259719
5,Richards Bay,-28.78,32.04,57.6,87,1,6.31,ZA,1596259719
6,Chkalovsk,56.76,43.24,64.4,72,53,4.47,RU,1596259719
7,Lakatoro,-16.1,167.42,80.6,83,75,3.36,VU,1596259719
8,Maxixe,-23.86,35.35,55.4,93,20,2.24,MZ,1596259719
9,Hermanus,-34.42,19.23,46.0,97,0,4.34,ZA,1596259719
10,Carnarvon,-24.87,113.63,69.8,60,6,17.22,AU,1596259720
11,Broome,42.25,-75.83,66.2,77,1,4.7,US,1596259720
12,Minatitlán,17.98,-94.52,77.32,90,1,4.72,MX,1596259720
13,Ushuaia,-54.8,-68.3,42.8,83,90,13.87,AR,1596259646
14,Hunchun,42.87,130.36,85.71,54,94,9.84,CN,1596259721
15,Ariguaní,10.25,-74.0,75.99,88,19,1.01,CO,1596259721
16,Karla,59.37,24.93,60.01,72,0,8.05,EE,1596259721
17,Sept-Îles,50.2,-66.38,60.01,100,75,5.82,CA,1596259387
18,Albany,42.6,-73.97,72.0,64,0,3.76,US,1596259344
19,Anadyr,64.75,177.48,60.8,67,75,13.42,RU,1596259722
20,Yakeshi,49.28,120.73,83.46,39,54,6.96,CN,1596259499
21,Severobaykal'sk,55.65,109.32,65.79,70,98,4.29,RU,1596259722
22,Airai,-8.93,125.41,72.05,47,9,4.43,TL,1596259722
23,Nouadhibou,20.93,-17.03,77.0,78,73,12.75,MR,1596259516
24,Hilo,19.73,-155.09,73.4,83,90,9.17,US,1596259209
25,Arandis,-22.42,14.97,73.99,21,0,26.04,NA,1596259723
26,Salto,-31.38,-57.97,53.01,96,13,1.99,UY,1596259643
27,Kambove,-10.88,26.6,51.21,56,9,7.72,CD,1596259724
28,Vestmannaeyjar,63.44,-20.27,53.2,90,100,5.91,IS,1596259453
29,Talnakh,69.49,88.4,62.6,72,75,20.13,RU,1596259418
30,Vaini,-21.2,-175.2,69.8,77,20,8.05,TO,1596259405
31,Atar,20.52,-13.05,87.76,49,5,3.87,MR,1596259403
32,Iskateley,67.68,53.15,55.83,83,100,12.35,RU,1596259726
33,Avarua,-21.21,-159.78,66.2,82,30,1.12,CK,1596259411
34,Beatrice,40.27,-96.75,66.0,93,1,3.51,US,1596259720
35,De Aar,-30.65,24.01,40.39,65,0,2.86,ZA,1596259465
36,Trincomalee,8.57,81.23,87.28,67,86,16.11,LK,1596259727
37,Manjacaze,-24.71,33.88,57.36,88,0,1.34,MZ,1596259728
38,Hambantota,6.12,81.12,86.0,84,40,13.87,LK,1596259728
39,Kavieng,-2.57,150.8,82.6,77,98,8.81,PG,1596259483
40,Codrington,-38.27,141.97,63.12,62,0,15.3,AU,1596259471
41,Arraial do Cabo,-22.97,-42.03,67.14,80,51,13.35,BR,1596259403
42,Namatanai,-3.67,152.43,81.27,81,100,12.41,PG,1596259384
43,Malakal,9.53,31.66,72.03,92,99,3.09,SS,1596259729
44,Bluff,-46.6,168.33,52.88,86,100,3.18,NZ,1596259402
45,Berlevåg,70.86,29.09,49.66,91,100,7.72,NO,1596259440
46,Nanortalik,60.14,-45.24,43.03,89,14,13.6,GL,1596259441
47,Butaritari,3.07,172.79,83.48,71,71,7.74,KI,1596259401
48,Bambous Virieux,-20.34,57.76,75.99,73,75,10.29,MU,1596259447
49,Puerto Ayora,-0.74,-90.35,68.0,91,69,1.01,EC,1596259408
50,Sur,22.57,59.53,90.61,58,79,7.14,OM,1596259531
51,Verkhnechusovskiye Gorodki,58.17,57.11,62.78,77,37,6.17,RU,1596259732
52,Carman,49.5,-98.0,63.0,63,15,3.0,CA,1596259732
53,Mataura,-46.19,168.86,55.49,76,100,4.41,NZ,1596259398
54,Ancud,-41.87,-73.82,48.99,93,90,13.87,CL,1596259454
55,Severo-Kuril'sk,50.68,156.12,55.04,82,77,13.47,RU,1596259437
56,Esim,4.87,-2.24,74.46,84,80,8.19,GH,1596259733
57,Busselton,-33.65,115.33,62.01,72,93,5.01,AU,1596259412
58,Upernavik,72.79,-56.15,41.59,69,0,12.93,GL,1596259410
59,Kendari,-3.94,122.5,76.59,90,60,7.61,ID,1596259735
60,Mount Gambier,-37.83,140.77,66.2,42,0,14.99,AU,1596259525
61,Saint-Philippe,-21.36,55.77,72.0,88,75,16.11,RE,1596259429
62,Brae,60.4,-1.35,55.4,100,100,10.29,GB,1596259483
63,Lagoa,39.05,-27.98,68.94,69,4,6.93,PT,1596259451
64,Khatanga,71.97,102.5,76.01,40,84,14.41,RU,1596259433
65,Manacapuru,-3.3,-60.62,73.4,94,26,2.21,BR,1596259736
66,Itarema,-2.92,-39.92,74.77,86,73,11.97,BR,1596259736
67,Yellowknife,62.46,-114.35,64.0,67,75,6.93,CA,1596259385
68,Oodweyne,9.41,45.06,73.2,63,99,25.68,SO,1596259738
69,Salinópolis,-0.61,-47.36,78.98,87,71,10.6,BR,1596259738
70,Arlit,18.74,7.39,91.45,41,24,11.27,NE,1596259499
71,Rawson,-43.3,-65.1,51.13,52,70,19.1,AR,1596259738
72,Kumul,42.8,93.45,87.75,12,0,7.9,CN,1596259739
73,Santo Antônio do Içá,-3.1,-67.94,72.16,76,94,1.39,BR,1596259739
74,Kapaa,22.08,-159.32,77.0,83,90,13.87,US,1596259410
75,Chokurdakh,70.63,147.92,54.95,61,94,0.83,RU,1596259412
76,Vao,-22.67,167.48,67.33,75,8,22.37,NC,1596259740
77,Ayagoz,47.97,80.44,79.52,25,72,15.39,KZ,1596259740
78,Le Port,-20.94,55.29,75.2,60,23,3.36,RE,1596259741
79,Bredasdorp,-34.53,20.04,46.4,93,0,3.36,ZA,1596259401
80,Meulaboh,4.14,96.13,84.85,62,82,3.47,ID,1596259472
81,Jamestown,42.1,-79.24,68.0,77,1,5.82,US,1596259416
82,Kiryat Gat,31.61,34.76,77.0,55,0,3.0,IL,1596259398
83,Lüderitz,-26.65,15.16,78.8,14,0,18.34,NA,1596259435
84,Ruwi,23.6,58.55,89.6,84,28,5.82,OM,1596259743
85,Springville,40.17,-111.61,84.2,37,1,6.51,US,1596259566
86,Micheweni,-4.97,39.83,76.64,75,46,17.05,TZ,1596259744
87,Nikolskoye,59.7,30.79,57.2,71,40,11.18,RU,1596259448
88,New Norfolk,-42.78,147.06,64.0,66,41,4.0,AU,1596259401
89,Birin,26.89,88.07,74.3,83,100,3.58,NP,1596259744
90,Östersund,63.18,14.64,55.4,93,82,3.36,SE,1596259745
91,Saint George,37.1,-113.58,91.99,16,1,5.82,US,1596259418
92,Huarmey,-10.07,-78.15,60.13,87,36,4.09,PE,1596259519
93,Esperance,-33.87,121.9,59.0,62,90,5.32,AU,1596259427
94,Tuktoyaktuk,69.45,-133.04,59.0,77,20,13.87,CA,1596259407
95,Barrow,71.29,-156.79,35.6,80,75,5.82,US,1596259260
96,Kovdor,67.57,30.48,50.99,79,96,7.31,RU,1596259746
97,Portobelo,9.55,-79.65,79.0,88,20,2.24,PA,1596259752
98,Nadvoitsy,63.87,34.32,53.98,83,44,9.4,RU,1596259752
99,Kewanee,41.25,-89.92,69.01,85,97,7.49,US,1596259752
100,East London,-33.02,27.91,50.0,76,0,8.05,ZA,1596259426
101,Ahipara,-35.17,173.17,58.33,76,100,19.13,NZ,1596259449
102,Port Elizabeth,-33.92,25.57,44.6,93,0,3.36,ZA,1596259409
103,Yulara,-25.24,130.99,75.2,8,0,5.82,AU,1596259462
104,Woodstock,43.13,-80.75,66.99,88,75,4.7,CA,1596259754
105,Årdalstangen,61.24,7.7,59.0,82,0,6.93,NO,1596259755
106,Payakumbuh,-0.22,100.63,85.77,58,83,1.61,ID,1596259755
107,Champawat,29.33,80.1,71.67,95,40,3.6,IN,1596259755
108,Faanui,-16.48,-151.75,78.8,77,0,12.35,PF,1596259444
109,Lebu,-37.62,-73.65,50.56,81,100,14.36,CL,1596259412
110,Dikson,73.51,80.55,53.49,79,93,8.08,RU,1596259417
111,Mar del Plata,-38.0,-57.56,48.99,100,5,8.39,AR,1596259481
112,Zhigansk,66.77,123.37,70.23,41,0,12.39,RU,1596259501
113,Zeya,53.75,127.27,77.65,61,93,4.0,RU,1596259757
114,São João da Barra,-21.64,-41.05,68.11,74,95,8.19,BR,1596259757
115,Sibolga,1.74,98.78,85.05,64,95,5.12,ID,1596259445
116,Kota Belud,6.35,116.43,87.8,70,20,3.36,MY,1596259758
117,Pedro II,-4.42,-41.46,67.66,66,24,6.08,BR,1596259758
118,Bacungan,9.91,118.7,84.43,73,100,6.51,PH,1596259758
119,Kruisfontein,-34.0,24.73,46.87,86,0,3.6,ZA,1596259415
120,Longyearbyen,78.22,15.64,44.6,93,90,2.24,SJ,1596259292
121,Keti Bandar,24.14,67.45,88.95,66,86,8.77,PK,1596259492
122,Agadez,19.75,10.25,87.55,41,99,7.72,NE,1596259760
123,Dakar,14.69,-17.44,78.8,88,20,5.82,SN,1596259344
124,Atuona,-9.8,-139.03,78.8,75,20,19.82,PF,1596259408
125,Cape Town,-33.93,18.42,46.4,100,0,2.24,ZA,1596259370
126,Samfya,-11.36,29.56,52.43,68,11,8.75,ZM,1596259761
127,Saskylakh,71.92,114.08,72.97,37,9,5.21,RU,1596259428
128,Pisco,-13.7,-76.22,60.8,82,90,4.7,PE,1596259460
129,Tura,25.52,90.22,86.29,75,74,3.47,IN,1596259413
130,Vila Velha,-20.33,-40.29,64.4,100,75,3.36,BR,1596259337
131,Kaset Sombun,16.28,101.95,84.34,72,99,7.43,TH,1596259762
132,Leshukonskoye,64.9,45.76,56.86,63,54,8.16,RU,1596259762
133,Kattivākkam,13.22,80.32,87.8,66,75,4.7,IN,1596259762
134,Sarāhan,31.52,77.8,72.23,61,51,6.17,IN,1596259459
135,Waipawa,-41.41,175.52,53.6,71,100,2.24,NZ,1596259763
136,Amstetten,48.12,14.87,66.99,82,0,3.36,AT,1596259763
137,Naze,28.37,129.48,89.6,74,20,6.93,JP,1596259763
138,Atambua,-9.11,124.89,80.83,47,2,4.07,ID,1596259481
139,Ribeira Grande,38.52,-28.7,70.0,63,21,2.55,PT,1596259411
140,George Town,5.41,100.34,89.6,52,20,6.93,MY,1596259764
141,Bathsheba,13.22,-59.52,82.4,74,40,12.75,BB,1596259454
142,Marrakesh,31.63,-8.01,78.8,54,40,6.93,MA,1596259246
143,Hobart,-42.88,147.33,64.0,48,40,16.11,AU,1596259232
144,Guerrero Negro,27.98,-114.06,72.52,73,0,7.07,MX,1596259437
145,Kropotkin,45.44,40.58,75.87,67,35,15.75,RU,1596259765
146,Riyadh,24.69,46.72,96.8,26,0,2.08,SA,1596259600
147,Baikunthpur,23.25,82.55,90.46,54,65,1.95,IN,1596259765
148,Changde,29.05,111.68,92.46,62,66,3.33,CN,1596259756
149,Lorengau,-2.02,147.27,84.69,73,93,6.33,PG,1596259445
150,Sydney,-33.87,151.21,66.99,39,12,4.7,AU,1596259635
151,Bako,5.78,36.57,64.92,89,100,3.58,ET,1596259534
152,Trairi,-3.28,-39.27,74.46,87,68,8.63,BR,1596259446
153,Dingle,11.0,122.67,80.2,83,100,3.33,PH,1596259400
154,Jiayuguan City,39.82,98.3,79.39,17,0,9.1,CN,1596259767
155,Hamilton,39.18,-84.53,75.99,88,90,4.7,US,1596259358
156,Tomatlán,19.93,-105.25,76.41,92,100,5.12,MX,1596259768
157,Chicama,-7.84,-79.15,60.85,85,12,3.04,PE,1596259768
158,Mahina,-17.51,-149.49,78.8,74,20,3.36,PF,1596259768
159,Omsukchan,62.53,155.8,59.65,51,84,13.04,RU,1596259768
160,Port Alfred,-33.59,26.89,55.26,76,0,5.21,ZA,1596259425
161,Selma,36.57,-119.61,86.0,41,1,11.48,US,1596259665
162,Sakaiminato,35.55,133.23,89.6,66,75,10.29,JP,1596259769
163,Ilo,-17.64,-71.34,57.83,80,70,2.86,PE,1596259769
164,Pangnirtung,66.15,-65.71,50.02,82,98,0.58,CA,1596259449
165,Henties Bay,-22.12,14.28,73.99,21,0,18.99,NA,1596259267
166,Hojāi,26.0,92.87,88.2,73,89,0.92,IN,1596259771
167,Dongsheng,39.82,109.98,89.53,26,79,14.7,CN,1596259645
168,Tekeli,44.83,78.82,79.07,28,88,4.09,KZ,1596259774
169,Qaanaaq,77.48,-69.36,34.09,85,1,0.78,GL,1596259420
170,Okhotsk,59.38,143.3,63.18,56,34,10.42,RU,1596259774
171,Grindavik,63.84,-22.43,50.0,100,90,11.41,IS,1596259417
172,Port Blair,11.67,92.75,81.34,84,100,19.84,IN,1596259253
173,Louny,50.36,13.8,71.01,70,20,1.41,CZ,1596259775
174,Abnūb,27.27,31.15,82.4,58,0,8.05,EG,1596259776
175,Geraldton,-28.77,114.6,71.6,37,8,12.75,AU,1596259776
176,Sitka,57.05,-135.33,68.0,64,75,8.05,US,1596259433
177,Xining,36.62,101.77,75.99,39,0,2.68,CN,1596259719
178,Tual,-5.67,132.75,78.46,82,84,23.44,ID,1596259777
179,Copiapó,-27.37,-70.33,51.8,93,90,2.24,CL,1596259778
180,Sobolevo,54.43,31.9,54.5,91,100,10.63,RU,1596259464
181,Sinnamary,5.38,-52.95,77.32,86,85,5.75,GF,1596259778
182,Acapulco de Juárez,16.86,-99.89,81.23,73,57,2.98,MX,1596259778
183,Petropavlovsk-Kamchatskiy,53.05,158.65,73.4,38,21,11.18,RU,1596259476
184,Katsuura,35.13,140.3,88.0,74,75,17.22,JP,1596259435
185,Buala,-8.14,159.59,84.65,66,97,3.96,SB,1596259527
186,Alice Springs,-23.7,133.88,75.0,12,0,5.82,AU,1596259779
187,Almaznyy,48.04,40.05,66.2,88,40,8.95,RU,1596259779
188,Ribeira Brava,32.65,-17.07,66.0,51,0,4.0,PT,1596259780
189,Coyhaique,-45.58,-72.07,35.6,100,90,6.93,CL,1596259462
190,Dūngarpur,23.83,73.72,87.51,69,50,10.22,IN,1596259781
191,Pinehurst,35.2,-79.47,82.4,78,1,3.36,US,1596259785
192,George Town,5.41,100.34,89.6,52,20,6.93,MY,1596259180
193,Faaa,-17.55,-149.6,78.8,74,20,3.36,PF,1596259507
194,Boguchany,58.38,97.45,74.68,52,47,6.93,RU,1596259785
195,Andra,62.51,65.89,64.69,79,78,9.73,RU,1596259481
196,Baicheng,45.62,122.82,99.23,24,33,13.44,CN,1596259791
197,Isil'kul',54.91,71.27,75.65,62,82,10.87,RU,1596259792
198,Waiuku,-37.25,174.75,57.99,71,100,16.11,NZ,1596259792
199,Lukovetskiy,64.3,41.92,53.6,81,40,6.71,RU,1596259792
200,Mackay,-21.15,149.2,71.6,60,24,20.8,AU,1596259792
201,Vanimo,-2.67,141.3,84.45,69,41,3.47,PG,1596259507
202,Tomohon,1.33,124.84,78.8,94,40,3.36,ID,1596259793
203,Zuénoula,7.43,-6.04,70.9,96,100,4.68,CI,1596259793
204,Tatvan,38.51,42.28,75.2,47,40,2.24,TR,1596259793
205,Barcelos,41.54,-8.62,64.0,100,90,2.24,PT,1596259795
206,São Félix do Xingu,-6.64,-51.99,67.89,51,0,2.15,BR,1596259796
207,Mahébourg,-20.41,57.7,73.4,73,75,10.29,MU,1596259432
208,Chui,-33.7,-53.46,47.14,91,22,1.32,UY,1596259406
209,Ubari,26.59,12.78,80.49,20,0,9.48,LY,1596259796
210,Castro,-24.79,-50.01,48.94,97,43,5.95,BR,1596259438
211,Vyazemskiy,47.54,134.75,77.61,86,100,7.0,RU,1596259797
212,Nantucket,41.28,-70.1,66.2,93,20,4.7,US,1596259799
213,Zasheyek,67.41,32.55,55.58,67,75,9.78,RU,1596259802
214,Hanmer Springs,-42.52,172.82,47.62,71,100,5.84,NZ,1596259802
215,Pokhara,28.23,83.98,80.67,69,94,2.91,NP,1596259804
216,Mil'kovo,54.72,158.62,57.38,79,98,2.71,RU,1596259804
217,Saurimo,-9.66,20.39,64.38,41,46,9.73,AO,1596259805
218,Felipe Carrillo Puerto,19.58,-88.05,76.57,99,11,2.39,MX,1596259805
219,Fayaoué,-20.65,166.53,70.9,76,90,24.11,NC,1596259805
220,Hofn,64.25,-15.21,52.02,94,100,11.27,IS,1596259806
221,Vila Franca do Campo,37.72,-25.43,66.2,77,20,3.36,PT,1596259450
222,Aykhal,66.0,111.5,73.4,38,0,4.47,RU,1596259807
223,Igarka,67.47,86.58,66.16,57,72,14.76,RU,1596259807
224,San Nicolas,18.17,120.6,87.8,74,90,4.7,PH,1596259808
225,Peleduy,59.63,112.74,77.2,35,88,15.28,RU,1596259808
226,Lashio,22.93,97.75,86.45,60,96,3.09,MM,1596259809
227,Atbasar,51.8,68.33,83.68,32,15,3.31,KZ,1596259810
228,Tasiilaq,65.61,-37.64,41.0,75,1,5.82,GL,1596259436
229,Comodoro Rivadavia,-45.87,-67.5,53.6,51,100,19.46,AR,1596259692
230,Tuatapere,-46.13,167.68,53.56,88,96,3.62,NZ,1596259480
231,Laas,46.62,10.7,66.99,82,5,3.36,IT,1596259453
232,Cuamba,-14.8,36.54,63.37,65,5,8.41,MZ,1596259811
233,Ottawa,45.41,-75.7,69.8,73,5,5.82,CA,1596259807
234,Maun,-19.98,23.42,53.6,37,0,12.75,BW,1596259811
235,Moussoro,13.64,16.49,83.82,56,24,8.28,TD,1596259812
236,Clyde River,70.47,-68.59,42.8,100,90,4.7,CA,1596259419
237,Marawi,8.0,124.29,82.0,84,95,4.0,PH,1596259812
238,Oyama,36.3,139.8,93.99,69,40,14.99,JP,1596259812
239,Santa Rita,-7.11,-34.98,71.6,100,20,4.7,BR,1596259812
240,Dinga,32.64,73.72,78.8,88,75,7.94,PK,1596259814
241,Asău,46.43,26.4,69.01,88,14,5.82,RO,1596259505
242,Novyye Gorki,56.73,41.06,63.18,72,4,2.75,RU,1596259814
243,Batemans Bay,-35.72,150.18,60.01,68,68,1.01,AU,1596259815
244,Trenggalek,-8.05,111.72,81.95,60,55,7.74,ID,1596259815
245,Matamoros,25.53,-103.25,75.0,61,65,9.71,MX,1596259815
246,Harper,4.38,-7.72,74.91,86,100,10.31,LR,1596259529
247,Thompson,55.74,-97.86,55.4,100,40,3.36,CA,1596259437
248,Kirovskiy,45.09,133.51,86.31,64,92,8.25,RU,1596259816
249,Middle Island,40.88,-72.94,71.01,88,1,5.26,US,1596259740
250,Kieta,-6.22,155.63,80.71,78,100,1.61,PG,1596259817
251,Emerald,-23.53,148.17,75.2,31,0,11.41,AU,1596259820
252,Kaputa,-8.47,29.66,68.43,55,8,10.04,ZM,1596259821
253,Sumbe,-11.21,13.84,70.12,82,67,2.62,AO,1596259821
254,Beyneu,45.32,55.2,91.62,16,36,11.36,KZ,1596259823
255,Mujiayingzi,42.12,118.78,92.61,33,20,12.01,CN,1596259824
256,Tonota,-21.48,27.48,32.0,72,0,1.12,BW,1596259824
257,Río Gallegos,-51.62,-69.22,37.4,86,75,8.05,AR,1596259700
258,Filingué,14.35,3.32,78.71,69,32,17.31,NE,1596259826
259,Marshalltown,42.05,-92.91,66.99,93,1,1.1,US,1596259826
260,Khani,41.96,42.96,77.0,69,40,2.24,GE,1596259514
261,São Paulo de Olivença,-3.38,-68.87,71.35,79,82,0.34,BR,1596259827
262,Prienai,54.63,23.95,55.4,93,90,2.24,LT,1596259827
263,Mahabalipuram,12.63,80.17,87.8,66,75,4.7,IN,1596259827
264,Salalah,17.02,54.09,82.4,88,90,6.93,OM,1596259828
265,Portland,45.52,-122.68,73.0,64,75,5.82,US,1596259680
266,Noumea,-22.28,166.46,69.8,68,90,11.41,NC,1596259829
267,Quatre Cocos,-20.21,57.76,75.99,73,75,10.29,MU,1596259475
268,Vetlanda,57.43,15.08,57.0,100,0,1.05,SE,1596259830
269,Alexandroupoli,40.85,25.87,77.0,61,0,8.46,GR,1596259830
270,Saint Paul Harbor,57.79,-152.41,55.4,93,75,3.36,US,1596259418
271,Tegul'det,57.31,88.17,74.07,41,100,3.74,RU,1596259830
272,Grand Bank,47.1,-55.77,62.78,96,85,6.6,CA,1596259831
273,Isangel,-19.55,169.27,72.54,90,96,13.87,VU,1596259475
274,Marabu,4.41,114.01,87.8,74,20,5.82,MY,1596259666
275,Fuerte Olimpo,-21.04,-57.87,68.97,56,22,3.76,PY,1596259444
276,Krasnaya Poyma,55.0,39.08,62.69,72,76,1.48,RU,1596259832
277,Pirapemas,-3.73,-44.22,68.13,89,24,2.28,BR,1596259833
278,Port Hardy,50.7,-127.42,68.0,60,75,11.41,CA,1596259527
279,Quesnel,53.0,-122.5,68.0,88,75,3.36,CA,1596259833
280,Tucuruí,-3.77,-49.67,72.18,61,0,3.18,BR,1596259834
281,Silver City,32.77,-108.28,73.99,60,75,5.82,US,1596259834
282,Ust-Kuyga,70.02,135.6,65.64,43,89,8.16,RU,1596259834
283,Los Llanos de Aridane,28.66,-17.92,71.6,78,90,11.41,ES,1596259834
284,Levokumskoye,44.82,44.66,86.83,32,0,7.52,RU,1596259835
285,Dabola,10.75,-11.12,70.32,94,98,2.39,GN,1596259836
286,Labuhan,-6.88,112.21,86.79,53,42,4.7,ID,1596259405
287,Puerto Escondido,15.85,-97.07,79.95,80,47,4.45,MX,1596259836
288,Havre-St-Pierre,50.23,-63.6,59.0,93,90,5.82,CA,1596259513
289,Narsaq,60.92,-46.05,42.8,81,9,3.36,GL,1596259490
290,Cherskiy,68.75,161.3,53.69,60,95,9.24,RU,1596259467
291,Vardø,70.37,31.11,50.29,90,100,13.96,NO,1596259431
292,Ilulissat,69.22,-51.1,42.8,93,100,1.12,GL,1596259456
293,Rāwah,34.48,41.91,86.29,36,0,16.71,IQ,1596259517
294,Hithadhoo,-0.6,73.08,83.39,71,3,7.56,MV,1596259446
295,Evinayong,1.44,10.55,67.26,96,82,1.52,GQ,1596259840
296,Moose Factory,51.26,-80.61,62.6,82,1,5.82,CA,1596259498
297,Ponta do Sol,32.67,-17.1,66.0,72,0,3.44,PT,1596259477
298,Abu Kamal,34.45,40.92,92.48,27,0,13.62,SY,1596259841
299,Iquique,-20.22,-70.14,59.0,72,90,4.7,CL,1596259841
300,Vangaindrano,-23.35,47.6,65.55,85,53,3.22,MG,1596259841
301,Cabedelo,-6.98,-34.83,71.6,100,20,4.7,BR,1596259841
302,Mihai Bravu,44.14,26.06,73.99,73,62,4.7,RO,1596259842
303,Innisfail,-17.53,146.03,66.0,73,62,5.99,AU,1596259842
304,Bethel,41.37,-73.41,68.0,93,1,4.7,US,1596259434
305,Mgandu,-5.95,34.13,64.2,62,0,12.68,TZ,1596259843
306,Forsytheganj,52.63,29.73,57.02,91,39,8.25,BY,1596259499
307,Port-Cartier,50.03,-66.87,60.01,100,75,3.36,CA,1596259843
308,Abrau-Dyurso,44.69,37.59,73.4,88,40,2.24,RU,1596259843
309,Isaccea,45.27,28.47,72.0,68,5,10.29,RO,1596259844
310,Tautira,-17.73,-149.15,78.8,74,20,3.36,PF,1596259431
311,Mossamedes,-15.2,12.15,64.78,78,0,2.51,AO,1596259429
312,Yaan,7.38,8.57,69.89,95,70,4.92,NG,1596259500
313,Norman Wells,65.28,-126.83,75.2,53,20,5.82,CA,1596259845
314,Abapó,-18.83,-63.47,57.47,78,75,3.47,BO,1596259845
315,San Patricio,19.22,-104.7,80.35,78,100,3.69,MX,1596259402
316,Ōdachō-ōda,35.18,132.5,86.0,70,75,18.34,JP,1596259846
317,Manyana,-23.4,21.72,46.04,56,0,7.54,BW,1596259846
318,Manta,-0.95,-80.73,71.6,88,75,6.93,EC,1596259852
319,Dalnerechensk,45.93,133.72,82.9,78,92,12.03,RU,1596259852
320,Kloulklubed,7.04,134.26,80.6,88,90,8.05,PW,1596259504
321,Nur-Sultan,51.18,71.45,80.6,44,0,4.47,KZ,1596259595
322,Cidreira,-30.18,-50.21,57.33,85,42,5.19,BR,1596259471
323,Katherine,-14.47,132.27,86.0,19,8,12.75,AU,1596259524
324,Casper,42.87,-106.31,66.99,47,1,5.82,US,1596259854
325,Simpang,-1.27,104.08,90.68,52,99,5.12,ID,1596259854
326,Great Yarmouth,52.61,1.73,66.99,98,86,1.01,GB,1596259854
327,Chambéry,45.57,5.93,70.0,72,11,3.36,FR,1596259854
328,Saint-Pierre,-21.34,55.48,72.0,88,75,16.11,RE,1596259479
329,Alta Floresta,-9.88,-56.09,68.0,42,0,4.47,BR,1596259432
330,Rocha,-34.48,-54.33,44.4,93,0,1.68,UY,1596259855
331,Jaisalmer,26.91,70.92,96.62,43,6,11.12,IN,1596259855
332,Bengkulu,-3.8,102.27,83.8,60,100,9.01,ID,1596259424
333,Mo i Rana,66.31,14.14,55.99,92,94,2.3,NO,1596259749
334,Pevek,69.7,170.31,36.86,90,96,3.69,RU,1596259418
335,Cabadiangan,9.75,122.47,84.04,69,100,4.94,PH,1596259530
336,Zonguldak,41.25,31.83,69.8,83,20,5.82,TR,1596259654
337,Natá,8.33,-80.52,76.78,85,93,3.04,PA,1596259857
338,Carutapera,-1.2,-46.02,74.75,93,48,4.92,BR,1596259858
339,Longkou,37.65,120.33,81.77,76,11,6.06,CN,1596259858
340,Paamiut,61.99,-49.67,44.89,92,100,5.68,GL,1596259508
341,Altamira,-3.2,-52.21,72.43,67,0,1.48,BR,1596259645
342,Charters Towers,-20.1,146.27,71.22,49,83,13.04,AU,1596259859
343,Yumen,40.28,97.2,83.93,14,0,9.57,CN,1596259859
344,Moratuwa,6.77,79.88,86.0,74,40,12.75,LK,1596259860
345,Olafsvik,64.89,-23.71,50.45,87,93,13.69,IS,1596259519
346,Yangi Marg`ilon,40.43,71.72,80.6,44,0,11.41,UZ,1596259860
347,Pilar,-9.6,-35.96,73.4,88,75,9.17,BR,1596259860
348,Iqaluit,63.75,-68.51,53.6,100,90,4.7,CA,1596259406
349,Fray Bentos,-33.13,-58.3,48.0,91,14,3.0,UY,1596259861
350,Bonthe,7.53,-12.51,75.18,93,99,1.52,SL,1596259861
351,Te Anau,-45.42,167.72,48.88,90,97,2.24,NZ,1596259861
352,Bubaque,11.28,-15.83,80.02,82,98,12.35,GW,1596259862
353,Gilgit,35.92,74.31,86.95,24,86,5.08,PK,1596259862
354,Vanavara,60.34,102.28,76.66,41,86,10.16,RU,1596259862
355,Skegness,53.14,0.34,64.0,87,68,9.17,GB,1596259862
356,Wilmington,34.23,-77.94,84.0,83,1,8.05,US,1596259190
357,Uray,60.12,64.78,72.28,53,72,10.22,RU,1596259863
358,Itoman,26.12,127.67,91.4,59,40,13.87,JP,1596259863
359,Tuscaloosa,33.21,-87.57,75.99,78,0,6.82,US,1596259825
360,Boa Vista,2.82,-60.67,77.0,88,75,3.36,BR,1596259405
361,Tazmalt,36.39,4.4,69.8,64,0,5.82,DZ,1596259864
362,Tingi,-11.3,35.03,59.29,64,4,2.08,TZ,1596259864
363,Qaqortoq,60.72,-46.03,42.8,81,22,3.36,GL,1596259455
364,Bandarbeyla,9.49,50.81,83.98,57,55,30.47,SO,1596259491
365,Constantine,36.37,6.61,66.2,45,0,3.4,DZ,1596259865
366,Minbu,20.18,94.88,94.48,52,65,4.36,MM,1596259865
367,Turaif,31.67,38.66,82.4,42,0,6.93,SA,1596259865
368,Cascais,38.7,-9.42,68.0,97,5,9.42,PT,1596259865
369,Fria,10.42,-13.58,70.9,99,85,1.86,GN,1596259866
370,Castricum,52.55,4.67,68.0,86,90,5.99,NL,1596259663
371,Kuchinda,21.73,84.35,86.0,79,75,4.7,IN,1596259866
372,Vostok,46.49,135.88,76.28,82,97,4.94,RU,1596259458
373,Turukhansk,65.82,87.98,66.83,53,69,11.86,RU,1596259866
374,Rauma,61.13,21.51,59.0,77,0,2.24,FI,1596259867
375,Ketchikan,55.34,-131.65,62.6,72,75,17.22,US,1596259867
376,Kaili,-3.46,120.21,74.3,86,81,5.1,ID,1596259868
377,Semnan,35.57,53.4,81.03,35,0,4.97,IR,1596259868
378,Rio Verde de Mato Grosso,-18.92,-54.84,74.75,39,21,12.59,BR,1596259868
379,Kandrian,-6.22,149.55,79.9,73,100,16.13,PG,1596259868
380,Sola,-13.88,167.55,77.99,89,85,8.66,VU,1596259869
381,Kiunga,-6.12,141.29,78.84,73,99,4.12,PG,1596259869
382,Irmo,34.09,-81.18,82.4,69,40,5.82,US,1596259800
383,Grand Gaube,-20.01,57.66,75.99,66,13,8.01,MU,1596259448
384,Lompoc,34.64,-120.46,59.0,87,90,6.93,US,1596259414
385,North Bend,43.41,-124.22,60.01,100,1,4.7,US,1596259349
386,Castlerea,53.77,-8.5,53.01,99,15,7.0,IE,1596259870
387,College,64.86,-147.8,73.4,46,75,3.36,US,1596259870
388,Jaqué,7.52,-78.17,79.36,83,100,3.47,PA,1596259870
389,Umluj,25.02,37.27,88.68,68,39,14.0,SA,1596259414
390,Salamiyah,35.01,37.05,85.6,45,0,17.63,SY,1596259871
391,Bom Despacho,-19.74,-45.25,60.35,82,47,3.67,BR,1596259871
392,Touros,-5.2,-35.46,69.8,100,20,4.7,BR,1596259443
393,Banjar,-8.19,114.97,82.4,69,20,17.22,ID,1596259872
394,Naliya,23.27,68.83,89.49,66,74,8.46,IN,1596259432
395,Saint-Joseph,-21.37,55.62,71.01,88,75,16.11,RE,1596259872
396,Provideniya,64.38,-173.3,51.67,63,11,1.86,RU,1596259424
397,Bowen,-20.02,148.23,72.0,60,90,19.46,AU,1596259872
398,Schattdorf,46.87,8.65,69.01,77,0,4.7,CH,1596259873
399,Nāgaur,27.2,73.73,94.6,48,16,6.98,IN,1596259873
400,Kalakamati,-20.59,27.31,32.0,43,0,1.12,BW,1596259873
401,Storforshei,66.4,14.52,55.99,91,95,2.06,NO,1596259873
402,Laguna,38.42,-121.42,73.0,49,1,5.82,US,1596259503
403,Smithers,54.78,-127.17,71.6,56,75,5.82,CA,1596259874
404,Dawei,14.08,98.2,83.52,79,85,10.47,MM,1596259700
405,Lchashen,40.52,44.93,77.0,44,61,3.36,AM,1596259874
406,Karratha,-20.74,116.85,83.21,17,0,10.04,AU,1596259399
407,Hong Kong,22.29,114.16,82.0,88,75,20.8,HK,1596259345
408,Noyabrsk,63.2,75.45,63.82,63,88,17.87,RU,1596259875
409,Tilichiki,60.47,166.1,57.54,78,86,0.89,RU,1596259515
410,Kaitangata,-46.28,169.85,55.0,73,100,1.99,NZ,1596259441
411,Tacuatí,-23.45,-56.58,68.14,62,40,4.61,PY,1596259875
412,Mackenzie,55.3,-123.17,62.6,88,90,8.05,CA,1596259875
413,Gravdal,68.12,13.5,56.21,86,100,5.1,NO,1596259875
414,Saldanha,-33.01,17.94,44.6,87,0,2.24,ZA,1596259876
415,Bonavista,48.65,-53.11,55.99,76,94,1.01,CA,1596259504
416,Haines Junction,60.75,-137.51,68.52,53,50,1.7,CA,1596259452
417,Hasaki,35.73,140.83,88.0,65,40,11.41,JP,1596259482
418,Vikulovo,56.82,70.61,76.48,70,87,10.11,RU,1596259878
419,Nanga Eboko,4.68,12.37,68.65,96,98,2.98,CM,1596259878
420,Muzhi,65.37,64.67,61.18,75,98,7.07,RU,1596259464
421,San Bartolomé de Tirajana,27.92,-15.57,72.0,83,20,20.8,ES,1596259879
422,Alofi,-19.06,-169.92,71.6,73,50,9.17,NU,1596259445
423,Madison,34.73,-86.57,75.2,94,40,9.17,US,1596259807
424,Price,39.6,-110.81,75.2,19,1,9.17,US,1596259466
425,Takoradze,4.88,-1.76,74.44,85,67,8.61,GH,1596259464
426,Cabo San Lucas,22.89,-109.91,82.99,64,8,3.0,MX,1596259438
427,Suozhen,36.95,118.1,96.01,53,11,1.99,CN,1596259880
428,Lázaro Cárdenas,17.96,-102.2,80.67,74,100,3.56,MX,1596259801
429,Bosaso,11.28,49.18,91.4,55,20,26.4,SO,1596259521
430,Biak,-0.91,122.88,80.73,77,65,6.78,ID,1596259429
431,Okha,53.57,142.95,54.21,74,100,14.05,RU,1596259880
432,Eureka,40.8,-124.16,57.0,100,44,4.61,US,1596259604
433,Bilibino,68.05,166.44,48.74,77,100,1.72,RU,1596259882
434,Burnie,-41.07,145.92,55.99,76,47,8.99,AU,1596259502
435,Celestún,20.87,-90.4,80.69,88,0,12.39,MX,1596259882
436,São Filipe,14.9,-24.5,75.22,82,83,7.81,CV,1596259413
437,Kahului,20.89,-156.47,80.6,54,20,16.11,US,1596259480
438,Kamenka,51.32,42.77,57.51,93,100,6.08,RU,1596259480
439,Dunedin,-45.87,170.5,51.01,84,100,5.01,NZ,1596259426
440,Teguise,29.06,-13.56,73.4,78,20,9.17,ES,1596259883
441,Akdepe,42.06,59.38,82.4,37,0,6.93,TM,1596259883
442,Marly,50.35,3.55,64.99,88,36,6.93,FR,1596259883
443,Santa Vitória,-18.84,-50.12,72.05,52,97,5.19,BR,1596259886
444,Kaeo,-35.1,173.78,57.0,3,100,10.0,NZ,1596259886
445,Mabaruma,8.2,-59.78,73.13,99,25,2.53,GY,1596259515
446,Saint-Augustin,51.23,-58.65,55.33,90,100,12.62,CA,1596259431
447,Kinna,57.51,12.69,59.0,77,9,6.93,SE,1596259888
448,Antalaha,-14.9,50.28,76.42,71,16,10.47,MG,1596259888
449,Woodward,36.43,-99.39,66.2,82,1,4.7,US,1596259888
450,Were Īlu,10.6,39.43,52.45,98,100,6.53,ET,1596259888
451,Waterloo,43.47,-80.52,68.0,93,20,2.24,CA,1596259732
452,Lilongwe,-13.97,33.79,44.6,81,0,8.05,MW,1596259889
453,Farah,32.5,62.5,85.21,18,0,9.86,AF,1596259511
454,Rabo de Peixe,37.8,-25.58,66.2,77,20,3.36,PT,1596259889
455,Lavrentiya,65.58,-171.0,47.77,71,27,15.66,RU,1596259434
456,Fort Nelson,58.81,-122.7,80.6,44,20,5.82,CA,1596259212
457,Goderich,43.75,-81.72,72.0,74,46,1.01,CA,1596259892
458,Lobito,-12.35,13.55,68.94,82,12,2.3,AO,1596259895
459,Bukachacha,52.98,116.92,66.92,80,100,3.15,RU,1596259895
460,Ugoofaaru,5.67,73.0,83.32,76,74,12.93,MV,1596259897
461,Meridian,43.61,-116.39,84.2,41,0,5.28,US,1596259685
462,Chaihe,44.77,129.7,91.92,31,100,12.3,CN,1596259899
463,Caucayá,-0.19,-74.78,69.62,98,73,2.01,CO,1596259901
464,Viedma,-40.81,-63.0,48.0,66,61,3.0,AR,1596259501
465,San Juan,-31.54,-68.54,47.89,46,0,2.53,AR,1596259296
466,Tazovsky,67.47,78.7,62.78,55,77,13.44,RU,1596259902
467,Havelock,34.88,-76.9,84.2,20,20,5.82,US,1596259352
468,Humberto de Campos,-2.6,-43.46,73.94,89,5,4.68,BR,1596259903
469,Mareeba,-17.0,145.43,75.0,74,35,5.01,AU,1596259903
470,Dubbo,-32.25,148.62,62.6,45,0,5.82,AU,1596259627
471,Kizhinga,51.85,109.91,74.43,63,39,5.99,RU,1596259904
472,Luga,58.74,29.85,57.07,70,54,10.04,RU,1596259904
473,Port Lincoln,-34.73,135.87,62.1,54,60,12.95,AU,1596259905
474,Roswell,34.02,-84.36,75.2,88,1,3.36,US,1596259905
475,Abu Dhabi,24.47,54.37,102.2,37,43,11.41,AE,1596259905
476,Constitución,-35.33,-72.42,52.29,73,100,2.46,CL,1596259468
477,Camacupa,-12.02,17.48,51.94,56,21,5.84,AO,1596259906
478,Tabat,-2.63,115.23,82.31,77,97,3.69,ID,1596259906
479,Elbeuf,49.29,1.0,66.0,93,90,6.93,FR,1596259906
480,Yerbogachën,61.28,108.01,73.98,45,100,11.83,RU,1596259907
481,Moranbah,-22.0,148.05,71.73,46,7,18.32,AU,1596259472
482,Balaipungut,1.05,101.28,84.2,70,40,12.75,ID,1596259907
483,Bāfq,31.61,55.41,93.02,17,42,4.9,IR,1596259908
484,Bakchar,57.02,82.07,68.83,62,77,2.66,RU,1596259908
485,Margate,51.38,1.39,66.0,89,98,1.01,GB,1596259521
486,Kutum,14.2,24.67,69.98,84,100,8.05,SD,1596259909
487,Haldia,22.06,88.11,92.88,56,3,5.93,IN,1596259909
488,Qujing,25.48,103.78,76.75,63,41,7.18,CN,1596259910
489,Hurghada,27.26,33.81,89.6,43,0,17.22,EG,1596259910
490,North Platte,41.12,-100.77,68.0,88,1,3.36,US,1596259911
491,Highland Springs,37.55,-77.33,75.99,94,90,6.93,US,1596259841
492,Batticaloa,7.71,81.69,89.85,56,65,2.35,LK,1596259911
493,Namikupa,-10.83,39.6,71.31,52,23,9.24,TZ,1596259912
494,Kununurra,-15.77,128.73,87.8,20,0,8.05,AU,1596259489
495,Gamba,-2.65,10.0,69.89,85,24,2.59,GA,1596259912
496,Téra,14.01,0.75,76.35,71,29,10.2,NE,1596259913
497,Baruun-Urt,46.68,113.28,81.1,26,20,19.62,MN,1596259461
498,Nishihara,26.18,127.76,91.4,59,40,13.87,JP,1596259914
499,Raudeberg,61.99,5.14,64.99,82,0,8.05,NO,1596259915
500,Sakakah,29.97,40.21,89.6,17,0,11.41,SA,1596259915
501,Arroyo de la Encomienda,41.61,-4.8,64.0,82,19,5.82,ES,1596259915
502,Ormara,25.21,64.64,84.99,79,82,9.4,PK,1596259530
503,Tsiroanomandidy,-18.77,46.03,70.25,57,8,6.55,MG,1596259916
504,Redlands,34.06,-117.18,87.01,16,1,4.7,US,1596259715
505,Marystown,47.17,-55.15,61.72,98,85,6.17,CA,1596259916
506,Ust-Tsilma,65.44,52.15,57.18,84,98,7.52,RU,1596259917
507,Seoul,37.57,126.98,78.8,94,90,6.93,KR,1596259918
508,Rincon,32.3,-81.24,82.4,78,1,5.82,US,1596259660
509,Randazzo,37.88,14.95,82.0,48,0,4.0,IT,1596259919
510,Samarai,-10.62,150.67,77.11,69,64,13.31,PG,1596259919
511,Uniāra,26.15,75.22,95.07,45,19,5.14,IN,1596259919
512,Znamenskoye,57.13,73.83,70.43,84,97,6.82,RU,1596259919
513,Pochutla,15.74,-96.47,81.0,78,65,3.76,MX,1596259492
514,Pontes e Lacerda,-15.23,-59.34,67.46,59,0,2.82,BR,1596259921
515,Griffith,41.53,-87.42,73.4,73,1,4.7,US,1596259921
516,Batagay-Alyta,67.8,130.41,69.3,30,13,5.68,RU,1596259423
517,Loandjili,-4.76,11.86,71.73,82,51,4.61,CG,1596259922
518,Batabanó,22.72,-82.29,78.8,100,20,6.93,CU,1596259922
519,San Quintín,30.48,-115.95,71.02,70,0,4.63,MX,1596259525
520,Karlstad,59.38,13.5,60.8,93,3,4.7,SE,1596259922
521,San Vicente,-26.62,-54.13,55.0,94,3,2.91,AR,1596259923
522,Knysna,-34.04,23.05,44.6,100,0,3.36,ZA,1596259923
523,Ambunti,-4.24,142.84,85.26,77,95,0.38,PG,1596259923
524,Grants Pass,42.44,-123.33,82.4,44,1,3.36,US,1596259923
525,Tiksi,71.69,128.87,44.35,74,41,6.62,RU,1596259473
526,Pedernales,18.04,-71.74,81.7,72,99,6.38,DO,1596259924
527,Syracuse,37.09,15.28,82.0,88,0,5.82,IT,1596259924
528,Yārāda,17.65,83.27,87.8,74,75,6.93,IN,1596259451
529,Leningradskiy,69.38,178.42,40.84,70,68,6.31,RU,1596259453
530,Jining,35.41,116.58,92.44,61,54,6.69,CN,1596259925
531,Lata,40.16,-8.33,64.0,90,3,3.0,PT,1596259452
532,Talas,38.69,35.55,64.4,68,0,2.24,TR,1596259926
533,Caravelas,-17.71,-39.25,69.8,83,97,11.45,BR,1596259927
534,São Miguel do Araguaia,-13.28,-50.16,66.33,31,0,6.96,BR,1596259928
535,Banda Aceh,5.56,95.32,87.4,59,97,16.44,ID,1596259928
536,Jalu,29.03,21.55,80.87,46,0,9.15,LY,1596259928
537,Murdochville,48.96,-65.5,54.5,100,100,4.52,CA,1596259929
538,Matagami,49.75,-77.63,60.8,93,40,1.83,CA,1596259929
539,Ayní,39.39,68.54,70.57,39,46,0.2,TJ,1596259930
540,Abong Mbang,3.98,13.18,67.6,96,91,2.59,CM,1596259930
541,Arrondissement de Limoux,42.92,2.17,71.6,83,0,11.41,FR,1596259930
542,Kaura Namoda,12.59,6.58,73.08,87,22,12.66,NG,1596259931
543,Tubualá,9.52,-79.03,77.0,88,20,2.24,PA,1596259931
544,Monmouth,40.3,-74.17,73.99,82,1,3.36,US,1596259931
545,Pacific Grove,36.62,-121.92,59.0,93,0,8.3,US,1596259291
546,Brookhaven,31.58,-90.44,73.99,93,32,9.42,US,1596259932
547,Belmonte,-15.86,-38.88,73.4,78,40,5.82,BR,1596259932
548,Timmins,48.47,-81.33,57.2,100,20,3.36,CA,1596259816
549,Ticul,20.4,-89.53,82.0,88,2,3.83,MX,1596259932
550,Zhezkazgan,47.8,67.71,86.0,22,45,15.66,KZ,1596259424
551,San Clemente,33.43,-117.61,73.99,76,0,3.78,US,1596259819
552,Tarakan,3.3,117.63,77.59,82,100,7.87,ID,1596259933
553,Coquimbo,-29.95,-71.34,50.0,87,0,4.7,CL,1596259419
554,Nelson Bay,-32.72,152.15,64.4,52,0,8.05,AU,1596259934
555,Nizhniy Odes,63.64,54.86,51.98,95,100,6.62,RU,1596259934
556,Flinders,-34.58,150.86,69.01,57,78,4.0,AU,1596259748
557,Enid,36.4,-97.88,69.8,100,1,3.36,US,1596259935
558,Tsaratanana,-16.78,47.65,76.78,50,7,16.87,MG,1596259935
559,Lhokseumawe,5.18,97.15,85.86,60,100,6.33,ID,1596259857
560,Songea,-10.68,35.65,58.35,67,1,8.7,TZ,1596259936
561,Muisne,0.6,-80.03,73.89,91,100,10.13,EC,1596259506
562,Aklavik,68.22,-135.01,66.2,59,40,6.93,CA,1596259450
563,Koutiala,12.39,-5.46,71.08,89,100,7.43,ML,1596259404
564,Mâncio Lima,-7.61,-72.9,69.22,75,47,1.5,BR,1596259937
565,Malbork,54.04,19.03,66.99,100,2,10.0,PL,1596259805
566,Angoram,-4.06,144.07,83.64,85,100,3.02,PG,1596259938
567,Amahai,-3.33,128.92,82.0,95,98,1.01,ID,1596259435
568,Qeshm,26.96,56.27,95.0,67,40,13.87,IR,1596259940
569,Souillac,-20.52,57.52,73.4,73,75,10.29,MU,1596259416
570,Purpe,64.48,76.69,73.0,52,73,20.31,RU,1596259940
571,Acaraú,-2.89,-40.12,74.95,85,56,13.56,BR,1596259940
572,Galle,6.04,80.22,82.89,81,68,14.29,LK,1596259941
573,Verkh-Usugli,52.7,115.17,64.26,93,99,3.56,RU,1596259941
574,Karachi,24.91,67.08,93.2,56,40,11.41,PK,1596259762
575,Hirara,24.8,125.28,89.6,70,40,14.99,JP,1596259942
576,Bonga,7.28,36.23,62.89,87,100,0.34,ET,1596259942
577,Nyurba,63.28,118.33,76.8,35,19,6.85,RU,1596259943
578,Chirongui,-12.93,45.15,78.8,78,75,16.11,YT,1596259943
579,Gawler,-34.6,138.73,70.0,33,71,11.01,AU,1596259845
580,Cockburn Town,21.46,-71.14,82.54,81,100,23.51,TC,1596259493
581,Syava,58.01,46.32,62.58,71,17,4.63,RU,1596259943
582,Salta,-24.79,-65.41,44.6,46,0,2.64,AR,1596259834
