,city,lat,lng,max_temp,humidity,cloudiness,wind_speed,country,date
0,Qaanaaq,77.48,-69.36,37.26,77,0,2.01,GL,1596169103
1,Korla,41.76,86.15,80.15,25,0,4.65,CN,1596169103
2,Berbera,10.44,45.01,90.63,49,96,15.55,SO,1596169103
3,Hobart,-42.88,147.33,60.01,51,75,11.41,AU,1596169065
4,Bambous Virieux,-20.34,57.76,70.0,88,40,6.93,MU,1596168809
5,Nikolskoye,59.7,30.79,59.0,87,90,6.71,RU,1596169104
6,Vardø,70.37,31.11,51.8,93,75,6.93,NO,1596169048
7,Belaya Gora,68.53,146.42,57.67,51,97,7.4,RU,1596169048
8,Port Elizabeth,-33.92,25.57,50.0,87,0,4.7,ZA,1596169104
9,New Norfolk,-42.78,147.06,60.01,72,100,1.01,AU,1596169105
10,Mataura,-46.19,168.86,56.66,72,92,2.93,NZ,1596169049
11,Arraial do Cabo,-22.97,-42.03,66.79,83,100,11.36,BR,1596169049
12,Udachny,66.42,112.4,68.0,37,0,6.71,RU,1596169049
13,Rikitea,-23.12,-134.97,72.97,88,100,12.97,PF,1596169050
14,Nhulunbuy,-12.23,136.77,80.6,54,75,16.11,AU,1596169050
15,Betafo,-19.83,46.85,55.89,87,6,4.41,MG,1596169050
16,Yellowknife,62.46,-114.35,68.0,52,20,6.93,CA,1596169050
17,Port Alfred,-33.59,26.89,55.54,77,0,7.58,ZA,1596169050
18,Cidreira,-30.18,-50.21,56.37,81,0,15.88,BR,1596169051
19,Albany,42.6,-73.97,69.01,98,83,5.39,US,1596169051
20,Waycross,31.21,-82.35,75.2,83,1,4.7,US,1596169051
21,Bowen,-20.02,148.23,75.0,53,90,17.22,AU,1596169051
22,Cape Town,-33.93,18.42,46.99,100,0,3.36,ZA,1596168770
23,Kruisfontein,-34.0,24.73,47.89,83,0,4.68,ZA,1596169052
24,Ponta do Sol,32.67,-17.1,66.2,72,20,5.82,PT,1596169052
25,Balkhash,46.84,74.98,77.0,25,36,11.18,KZ,1596169052
26,Zhuhai,22.28,113.57,87.01,88,40,17.22,CN,1596168768
27,Tilichiki,60.47,166.1,52.9,88,100,7.81,RU,1596169053
28,Pevek,69.7,170.31,35.78,97,100,9.78,RU,1596169053
29,Lompoc,34.64,-120.46,60.8,82,90,5.82,US,1596169053
30,Bodø,67.28,14.4,59.0,93,75,6.93,NO,1596169054
31,Buraidah,26.33,43.98,95.0,28,27,6.93,SA,1596168810
32,Vaini,-21.2,-175.2,73.4,69,20,9.17,TO,1596169055
33,Vila Velha,-20.33,-40.29,75.0,83,90,17.22,BR,1596168793
34,Saldanha,-33.01,17.94,46.4,93,0,5.7,ZA,1596169055
35,Bengkulu,-3.8,102.27,83.48,69,100,10.71,ID,1596169055
36,Culpeper,38.5,-77.97,73.4,94,75,6.29,US,1596169056
37,Tuktoyaktuk,69.45,-133.04,66.2,72,75,8.05,CA,1596168773
38,Atuona,-9.8,-139.03,79.2,73,57,19.44,PF,1596169056
39,Tasiilaq,65.61,-37.64,42.8,81,21,6.93,GL,1596169056
40,Dikson,73.51,80.55,55.83,65,100,13.24,RU,1596169057
41,Kota Belud,6.35,116.43,86.0,74,20,8.05,MY,1596169112
42,Puerto Ayora,-0.74,-90.35,66.99,92,74,1.01,EC,1596169112
43,Smirnykh,49.75,142.83,63.68,88,100,5.61,RU,1596169112
44,Dzhebariki-Khaya,62.22,135.8,80.24,30,0,0.98,RU,1596169112
45,Avarua,-21.21,-159.78,69.8,64,100,2.24,CK,1596169112
46,Muros,42.78,-9.06,62.01,93,75,4.7,ES,1596169113
47,Hailar,49.2,119.7,78.37,58,25,16.37,CN,1596169113
48,Manzhouli,49.6,117.43,75.22,60,80,6.69,CN,1596169114
49,Hithadhoo,-0.6,73.08,83.53,72,71,8.93,MV,1596169114
50,Balaguer,41.79,0.81,73.4,53,4,6.93,ES,1596169114
51,George Town,5.41,100.34,78.8,88,40,4.7,MY,1596169114
52,Saint-Philippe,-21.36,55.77,70.0,68,30,5.82,RE,1596169115
53,Bredasdorp,-34.53,20.04,44.6,100,0,8.05,ZA,1596168916
54,Kapaa,22.08,-159.32,80.6,74,40,23.04,US,1596169115
55,Burns Lake,54.23,-125.75,69.13,54,8,3.6,CA,1596168884
56,Lagoa,39.05,-27.98,69.12,74,61,13.87,PT,1596169115
57,Hermanus,-34.42,19.23,45.0,95,0,1.01,ZA,1596169116
58,Ribeira Grande,38.52,-28.7,69.66,75,7,11.52,PT,1596169116
59,Hong Kong,22.29,114.16,80.01,88,99,11.99,HK,1596169116
60,Port Hawkesbury,45.62,-61.35,68.0,77,75,4.7,CA,1596169116
61,Bambanglipuro,-7.95,110.28,81.36,67,44,13.87,ID,1596169116
62,Busselton,-33.65,115.33,64.99,47,10,6.24,AU,1596169117
63,Redmond,47.67,-122.12,79.0,56,0,3.2,US,1596169043
64,Eyl,7.98,49.82,81.55,60,0,30.65,SO,1596168880
65,Castro,-24.79,-50.01,48.49,90,80,11.32,BR,1596169073
66,Horní Jiřetín,50.57,13.55,55.0,75,36,2.48,CZ,1596169117
67,Salekhard,66.53,66.6,60.53,61,0,6.53,RU,1596168898
68,Salacgrīva,57.75,24.36,55.99,96,100,4.0,LV,1596169118
69,Longyearbyen,78.22,15.64,46.4,93,90,3.36,SJ,1596168841
70,Lipin Bor,60.26,37.98,56.82,87,11,9.95,RU,1596169047
71,Bathsheba,13.22,-59.52,80.6,83,75,5.82,BB,1596169118
72,Vuktyl,63.86,57.31,58.96,65,100,14.81,RU,1596169119
73,Nador,35.17,-2.93,77.0,94,90,3.36,MA,1596169119
74,West Bay,19.37,-81.42,86.0,75,3,5.99,KY,1596169119
75,Saint George,37.1,-113.58,100.4,9,1,6.93,US,1596169119
76,Jamestown,42.1,-79.24,64.4,82,1,5.82,US,1596169120
77,Baharly,38.44,57.43,77.86,39,16,13.15,TM,1596169121
78,Nishihara,26.18,127.76,91.4,70,20,12.75,JP,1596169121
79,College,64.86,-147.8,78.8,33,75,10.29,US,1596169121
80,Ushuaia,-54.8,-68.3,33.8,74,20,4.7,AR,1596168915
81,Roald,62.58,6.13,55.99,93,58,3.36,NO,1596169122
82,Alice Springs,-23.7,133.88,69.8,13,0,8.05,AU,1596168906
83,San Patricio,19.22,-104.7,80.17,80,100,2.57,MX,1596169122
84,São Filipe,14.9,-24.5,75.25,76,11,6.71,CV,1596169122
85,Calabozo,8.92,-67.43,73.45,93,91,2.35,VE,1596169123
86,Bingöl,38.88,40.49,73.06,45,0,7.78,TR,1596169123
87,Narsaq,60.92,-46.05,44.6,87,100,5.82,GL,1596169123
88,Jaciara,-15.97,-54.97,70.45,53,49,0.58,BR,1596169123
89,Thompson,55.74,-97.86,64.4,100,90,6.93,CA,1596169124
90,Inhambane,-23.86,35.38,64.26,84,1,9.19,MZ,1596169124
91,Nome,64.5,-165.41,55.99,87,75,9.17,US,1596168930
92,Lebu,-37.62,-73.65,50.14,93,33,12.48,CL,1596169124
93,Hamilton,39.18,-84.53,71.01,94,90,5.82,US,1596168915
94,Dakar,14.69,-17.44,78.8,88,75,10.29,SN,1596168849
95,Diffa,13.32,12.61,76.48,64,83,14.36,NE,1596169125
96,Provideniya,64.38,-173.3,50.0,76,90,13.42,RU,1596169125
97,Yangi Marg`ilon,40.43,71.72,84.2,32,99,4.7,UZ,1596169008
98,Nanortalik,60.14,-45.24,43.25,89,99,4.56,GL,1596169126
99,Ahipara,-35.17,173.17,58.77,74,100,12.39,NZ,1596169126
100,Kieta,-6.22,155.63,83.79,73,100,1.45,PG,1596169126
101,Batagay-Alyta,67.8,130.41,62.46,44,0,5.7,RU,1596169127
102,Marshall,34.38,-86.33,78.01,83,1,5.82,US,1596169127
103,‘Ewa Beach,21.32,-158.01,82.4,65,75,8.05,US,1596169127
104,Iqaluit,63.75,-68.51,51.8,81,90,5.82,CA,1596169128
105,Sept-Îles,50.2,-66.38,61.0,100,90,3.36,CA,1596169128
106,Bluff,-46.6,168.33,52.43,81,94,9.55,NZ,1596169128
107,Porto-Novo,6.5,2.6,75.24,82,100,9.1,BJ,1596169128
108,Taganak,6.08,118.3,87.8,70,40,4.7,PH,1596169129
109,Bethel,41.37,-73.41,73.4,88,1,2.06,US,1596169129
110,Dunedin,-45.87,170.5,51.01,76,86,1.99,NZ,1596169129
111,Tāybād,34.74,60.78,78.12,39,0,18.88,IR,1596169129
112,Maningrida,-12.07,134.27,83.59,41,0,13.6,AU,1596169130
113,Isangel,-19.55,169.27,78.8,74,48,6.93,VU,1596169130
114,Kodinsk,58.69,99.18,79.56,45,25,2.62,RU,1596169130
115,Esperance,-33.87,121.9,62.6,77,0,11.41,AU,1596169131
116,Punta Arenas,-53.15,-70.92,37.4,93,100,14.99,CL,1596169131
117,Conde,-7.26,-34.91,69.49,92,19,8.19,BR,1596169132
118,Coron,12.0,120.2,82.87,83,100,9.89,PH,1596169139
119,Devils Lake,48.11,-98.87,73.4,73,1,10.29,US,1596169139
120,Mbini,1.57,9.61,77.0,100,40,4.7,GQ,1596169139
121,Belmonte,-15.86,-38.88,69.8,88,75,2.24,BR,1596169139
122,Lüderitz,-26.65,15.16,78.8,15,0,18.34,NA,1596169140
123,Saskylakh,71.92,114.08,66.43,50,2,3.76,RU,1596169140
124,San Cristobal,7.77,-72.22,66.42,91,94,4.68,VE,1596168871
125,Haimen,23.19,116.61,93.2,56,75,15.66,CN,1596169140
126,Merauke,-8.47,140.33,79.16,71,90,13.65,ID,1596169140
127,Berlevåg,70.86,29.09,50.0,93,90,6.93,NO,1596168859
128,Ambilobe,-13.2,49.05,71.15,73,84,3.62,MG,1596169141
129,Beringovskiy,63.05,179.32,50.36,83,94,11.61,RU,1596169141
130,Husavik,66.04,-17.34,44.6,100,90,3.47,IS,1596169141
131,Shiyan,32.65,110.78,81.95,78,95,1.16,CN,1596169141
132,Pacific Grove,36.62,-121.92,61.0,92,9,4.79,US,1596169142
133,Barra de Tecoanapa,16.52,-98.75,81.64,75,85,3.51,MX,1596169142
134,Leningradskiy,69.38,178.42,40.84,84,100,13.98,RU,1596169142
135,Winchester,51.07,-1.32,63.0,72,0,5.82,GB,1596169142
136,Aykhal,66.0,111.5,68.0,37,0,6.71,RU,1596169143
137,Acarí,-15.43,-74.62,61.77,60,56,2.93,PE,1596169143
138,Carnarvon,-24.87,113.63,71.6,49,0,18.34,AU,1596169143
139,Torbay,47.67,-52.73,60.01,100,90,2.37,CA,1596169144
140,Bilma,18.69,12.92,86.86,34,49,3.29,NE,1596169144
141,Sal Rei,16.18,-22.92,78.8,78,75,8.05,CV,1596169144
142,Carbondale,37.73,-89.22,75.2,94,75,3.36,US,1596169145
143,Edelira,-26.75,-55.27,56.34,89,96,1.54,PY,1596169145
144,Butaritari,3.07,172.79,83.12,73,50,7.29,KI,1596169145
145,Guerrero Negro,27.98,-114.06,69.98,83,0,8.77,MX,1596169112
146,Airai,-8.93,125.41,72.79,42,78,5.1,TL,1596169146
147,Boshnyakovo,49.63,142.17,63.86,95,100,4.38,RU,1596169146
148,Liverpool,53.41,-2.98,64.4,63,18,9.17,GB,1596169011
149,Mar del Plata,-38.0,-57.56,46.0,93,54,11.41,AR,1596168872
150,Morondava,-20.28,44.28,64.45,73,0,9.66,MG,1596169146
151,Margate,51.38,1.39,66.99,76,0,1.99,GB,1596169147
152,Fortuna,40.6,-124.16,57.99,89,1,3.44,US,1596169147
153,Hasaki,35.73,140.83,82.0,88,75,5.82,JP,1596169147
154,Pozoblanco,38.38,-4.85,77.0,78,0,4.7,ES,1596169148
155,Basoko,1.24,23.62,71.94,86,0,2.95,CD,1596169148
156,Geraldton,-28.77,114.6,68.0,52,40,13.87,AU,1596169148
157,Lensk,60.73,114.93,73.33,51,62,9.75,RU,1596169148
158,Nizhniy Kuranakh,58.84,125.49,60.42,81,100,9.08,RU,1596169149
159,Cabatuan,10.88,122.49,85.05,75,98,10.38,PH,1596169149
160,Palmer,42.16,-72.33,71.6,83,90,1.32,US,1596168927
161,Amahai,-3.33,128.92,79.41,83,100,15.03,ID,1596169149
162,Vanimo,-2.67,141.3,87.51,60,85,6.2,PG,1596169149
163,Alofi,-19.06,-169.92,73.4,64,5,14.99,NU,1596169150
164,Sakaiminato,35.55,133.23,86.0,70,75,12.75,JP,1596169150
165,Ino,33.55,133.43,86.0,74,40,8.05,JP,1596169150
166,Mossamedes,-15.2,12.15,62.64,84,0,3.42,AO,1596169150
167,Rodrigues Alves,-7.74,-72.65,71.8,74,13,2.3,BR,1596169150
168,Médéa,36.26,2.75,73.4,94,20,3.36,DZ,1596169151
169,Paita,-5.09,-81.11,62.04,81,19,8.59,PE,1596169151
170,Kiryat Gat,31.61,34.76,75.99,87,0,5.3,IL,1596169151
171,Chui,-33.7,-53.46,46.27,89,0,8.93,UY,1596169151
172,Kutum,14.2,24.67,71.71,74,90,12.53,SD,1596169152
173,Naze,28.37,129.48,89.6,75,20,9.17,JP,1596169152
174,East London,-33.02,27.91,51.8,87,0,9.17,ZA,1596169152
175,Coquimbo,-29.95,-71.34,50.0,93,0,2.24,CL,1596169152
176,Marana,32.44,-111.23,104.0,18,1,4.7,US,1596168897
177,Sandpoint,48.28,-116.55,77.0,60,1,3.91,US,1596169129
178,Hilo,19.73,-155.09,82.4,54,1,6.93,US,1596169136
179,Halifax,44.65,-63.57,66.99,90,31,1.01,CA,1596169058
180,Khatanga,71.97,102.5,71.51,36,44,13.02,RU,1596169154
181,Ust'-Koksa,50.27,85.61,61.88,55,7,0.72,RU,1596169155
182,Faanui,-16.48,-151.75,79.38,79,13,8.55,PF,1596169155
183,Constitución,-35.33,-72.42,49.69,81,50,3.58,CL,1596169155
184,Anadyr,64.75,177.48,60.8,55,40,11.18,RU,1596169155
185,Auburn,47.31,-122.23,80.01,41,20,5.82,US,1596169155
186,Ancud,-41.87,-73.82,48.0,100,90,10.29,CL,1596169156
187,Port Jervis,41.38,-74.69,69.01,17,100,2.84,US,1596169156
188,Bereket,39.24,55.52,77.32,41,0,3.69,TM,1596169156
189,Mount Gambier,-37.83,140.77,57.2,67,99,14.99,AU,1596169156
190,Laas,46.62,10.7,60.01,93,5,4.7,IT,1596169156
191,São João da Barra,-21.64,-41.05,67.84,84,100,14.61,BR,1596169157
192,Mogzon,51.74,111.96,63.91,90,100,5.95,RU,1596169157
193,Mulegé,26.88,-111.98,87.58,60,0,4.41,MX,1596169157
194,Bantry,51.68,-9.45,60.8,93,75,11.41,IE,1596169157
195,Barrow,71.29,-156.79,41.0,80,1,12.75,US,1596169158
196,Srednekolymsk,67.45,153.68,63.5,43,83,11.34,RU,1596169158
197,Lao Cai,22.48,103.95,90.16,61,99,1.54,VN,1596169143
198,Koumac,-20.57,164.28,73.36,88,59,12.82,NC,1596169158
199,Carndonagh,55.25,-7.27,58.64,74,97,12.12,IE,1596169159
200,Port Hardy,50.7,-127.42,68.0,60,20,8.05,CA,1596169159
201,Pelym,61.01,62.0,52.27,95,100,8.37,RU,1596169159
202,Majene,-3.54,118.97,82.76,71,76,12.28,ID,1596169160
203,Chokurdakh,70.63,147.92,49.01,72,100,10.45,RU,1596169160
204,Longyan,25.11,117.02,90.79,56,76,3.09,CN,1596169160
205,Røros,62.57,11.38,53.6,87,22,12.75,NO,1596169161
206,Dothan,31.22,-85.39,80.6,78,1,8.05,US,1596169155
207,Ostrovskoye,57.81,42.24,56.66,84,67,7.27,RU,1596169163
208,Makakilo City,21.35,-158.09,82.4,65,75,8.05,US,1596169163
209,Yuli,9.7,10.27,71.29,89,100,5.23,NG,1596169164
210,Kinsale,51.71,-8.53,60.8,93,75,11.41,IE,1596169164
211,Saint Paul Harbor,57.79,-152.41,57.2,82,90,12.75,US,1596169165
212,Coyhaique,-45.58,-72.07,30.2,92,95,2.24,CL,1596168970
213,Norman Wells,65.28,-126.83,75.2,57,5,6.93,CA,1596169165
214,Clyde River,70.47,-68.59,37.4,100,90,13.87,CA,1596169165
215,Yining,29.04,114.56,94.37,51,14,2.95,CN,1596169165
216,Saint-Leu,-21.15,55.28,70.0,68,43,5.82,RE,1596169166
217,Lingao,19.91,109.69,88.23,70,100,20.24,CN,1596169166
218,Sitka,57.05,-135.33,64.4,63,40,3.36,US,1596169166
219,Riyadh,24.69,46.72,93.2,30,24,1.12,SA,1596169166
220,Olinda,-8.01,-34.86,71.6,88,75,5.82,BR,1596169166
221,Le Mars,42.79,-96.17,66.0,88,1,5.35,US,1596169016
222,Liwale,-9.77,37.93,62.2,91,6,5.64,TZ,1596169167
223,Haslett,42.75,-84.4,68.0,68,1,4.7,US,1596169168
224,Thanatpin,17.21,96.3,84.2,74,75,6.93,MM,1596169168
225,Lānja,16.85,73.55,82.08,77,100,2.75,IN,1596169170
226,Billings Metropolitan Area,45.78,-108.5,82.0,28,40,9.17,US,1596169171
227,Hervey Bay,-25.3,152.85,69.01,68,47,11.01,AU,1596169171
228,Ayan,56.45,138.17,56.66,86,98,4.25,RU,1596169171
229,Ambon City,-3.7,128.18,79.0,94,75,9.17,ID,1596169171
230,Wanaka,-44.7,169.15,49.8,79,89,3.02,NZ,1596168969
231,Kaitangata,-46.28,169.85,52.0,69,82,1.99,NZ,1596169172
232,Pangody,65.85,74.49,63.43,54,100,8.08,RU,1596169172
233,Ormond Beach,29.29,-81.06,77.0,100,40,3.36,US,1596169172
234,Prince George,53.92,-122.75,77.0,61,1,3.36,CA,1596168936
235,Amuntai,-2.42,115.25,93.34,47,64,2.13,ID,1596169172
236,Riisipere,59.11,24.31,51.01,99,4,1.9,EE,1596169173
237,Pierre,44.37,-100.35,73.0,73,1,6.78,US,1596169173
238,Portland,45.52,-122.68,88.0,36,0,1.25,US,1596168380
239,Grand-Santi,4.25,-54.38,72.41,95,1,1.74,GF,1596169173
240,Bay Roberts,47.6,-53.26,60.01,100,100,1.9,CA,1596169174
241,Samarai,-10.62,150.67,76.21,69,46,16.55,PG,1596169174
242,Bariloche,-41.15,-71.31,37.4,86,40,11.41,AR,1596168923
243,Varhaug,58.61,5.65,54.0,99,88,8.95,NO,1596169174
244,Verkhnyaya Inta,65.98,60.31,62.83,53,53,15.48,RU,1596169174
245,Grand-Lahou,5.14,-5.02,74.46,86,97,7.58,CI,1596169175
246,Baiyin,36.56,104.21,78.8,39,46,6.71,CN,1596169175
247,Tommot,58.96,126.29,59.18,84,100,7.18,RU,1596169175
248,Kikwit,-5.04,18.82,71.78,31,0,2.19,CD,1596169175
249,Taoudenni,22.68,-3.98,90.1,36,26,9.95,ML,1596169176
250,San Jose,37.34,-121.89,69.01,77,20,11.41,US,1596169171
251,Tuatapere,-46.13,167.68,53.4,87,100,3.69,NZ,1596169176
252,Äänekoski,62.69,25.82,57.2,82,20,6.93,FI,1596169176
253,Sri Aman,1.24,111.46,86.0,70,40,5.82,MY,1596169176
254,Turinsk,58.05,63.7,61.38,97,100,7.45,RU,1596169177
255,Maposeni,-10.58,35.4,63.3,68,90,5.82,TZ,1596169177
256,Vao,-22.67,167.48,72.12,91,76,13.44,NC,1596169177
257,Edd,13.93,41.69,87.57,63,99,6.31,ER,1596169177
258,Half Moon Bay,37.46,-122.43,63.0,93,90,8.05,US,1596169178
259,Petropavlovsk-Kamchatskiy,53.05,158.65,59.0,100,90,6.71,RU,1596169178
260,Brazzaville,-4.27,15.28,72.57,68,10,4.5,CG,1596169179
261,Tumut,-35.3,148.22,57.38,62,0,5.5,AU,1596169180
262,Qaqortoq,60.72,-46.03,44.6,87,100,5.82,GL,1596169180
263,Katsuura,35.13,140.3,82.0,73,27,5.01,JP,1596169181
264,Mahébourg,-20.41,57.7,69.8,88,40,6.93,MU,1596169181
265,Sur,22.57,59.53,92.7,53,68,2.71,OM,1596169181
266,Muroto-misakicho,33.28,134.15,86.0,74,40,8.05,JP,1596169181
267,Kenai,60.55,-151.26,64.4,59,40,6.93,US,1596169181
268,Tikhvin,59.65,33.53,54.7,96,99,6.6,RU,1596169182
269,Cherskiy,68.75,161.3,51.85,61,93,9.01,RU,1596169182
270,Chapais,49.78,-74.85,60.8,100,1,3.36,CA,1596169010
271,Keti Bandar,24.14,67.45,87.51,69,36,7.58,PK,1596169182
272,Cabo San Lucas,22.89,-109.91,82.4,51,5,5.82,MX,1596169079
273,Neiafu,-18.65,-173.98,71.6,83,75,11.41,TO,1596169183
274,Itarema,-2.92,-39.92,78.04,73,6,15.5,BR,1596169183
275,Laguna,38.42,-121.42,78.01,47,1,9.17,US,1596169184
276,Baykit,61.67,96.37,72.73,51,90,7.87,RU,1596169184
277,San Isidro,-12.12,-77.05,59.0,82,90,10.29,PE,1596169184
278,Hofn,64.25,-15.21,48.97,84,100,22.28,IS,1596169184
279,Rocha,-34.48,-54.33,41.92,93,1,9.26,UY,1596168987
280,Broome,42.25,-75.83,66.99,82,40,5.82,US,1596169185
281,Salaga,8.55,-0.52,73.02,92,45,6.15,GH,1596168966
282,Kavaratti,10.57,72.64,80.6,83,90,17.22,IN,1596169185
283,Warrnambool,-38.38,142.48,57.0,70,100,4.0,AU,1596169185
284,Ukiah,39.15,-123.21,77.0,27,1,3.51,US,1596169186
285,Pakxan,18.38,103.66,93.13,56,66,0.07,LA,1596169186
286,Tuy Hoa,13.08,109.3,81.1,80,100,11.41,VN,1596169186
287,San-Pédro,4.75,-6.64,74.28,88,100,5.44,CI,1596169186
288,Okato,-39.2,173.88,57.0,59,100,8.01,NZ,1596169186
289,Aktash,50.3,87.73,51.67,61,33,1.3,RU,1596169186
290,Perambalur,11.23,78.88,87.8,58,20,9.17,IN,1596169187
291,Upata,8.01,-62.4,79.0,86,12,1.01,VE,1596169187
292,Padang,-0.95,100.35,84.49,66,38,4.05,ID,1596169188
293,Ubari,26.59,12.78,79.84,27,0,10.98,LY,1596169188
294,Los Llanos de Aridane,28.66,-17.92,71.6,68,90,11.41,ES,1596169188
295,Provincia di Rimini,44.02,12.52,75.99,83,0,2.24,IT,1596169188
296,Bilibino,68.05,166.44,57.15,53,79,7.74,RU,1596169188
297,Verkhnevilyuysk,63.45,120.32,74.01,43,0,5.99,RU,1596169189
298,Aysha,55.87,48.63,69.8,68,29,6.71,RU,1596169189
299,Priargunsk,50.37,119.1,75.72,70,72,7.72,RU,1596169189
300,Camacha,33.08,-16.33,68.0,72,75,6.93,PT,1596168921
301,Pisco,-13.7,-76.22,57.0,87,1,4.7,PE,1596169189
302,Thinadhoo,0.53,72.93,83.07,76,61,9.35,MV,1596169190
303,Sittwe,20.15,92.9,85.44,75,3,8.12,MM,1596169190
304,Renqiu,38.7,116.09,95.49,41,11,7.49,CN,1596169190
305,Vostok,46.49,135.88,78.85,72,48,1.79,RU,1596169190
306,Kisangani,0.52,25.2,70.81,84,0,2.48,CD,1596169190
307,Alaşehir,38.35,28.52,75.07,54,0,1.66,TR,1596169192
308,Manggar,-2.88,108.27,83.14,66,64,11.86,ID,1596169192
309,Luanda,-8.84,13.23,69.8,94,75,4.7,AO,1596169192
310,Forsytheganj,52.63,29.73,54.91,86,79,6.82,BY,1596169192
311,Ambur,12.78,78.7,82.62,70,92,6.55,IN,1596169192
312,Havre-St-Pierre,50.23,-63.6,60.8,93,90,9.17,CA,1596169193
313,Siuna,13.73,-84.78,73.67,95,51,3.31,NI,1596169193
314,Leh,34.17,77.58,61.03,44,91,3.18,IN,1596169194
315,Distrikt Brokopondo,4.75,-55.17,76.6,84,11,3.51,SR,1596169194
316,Christchurch,-43.53,172.63,54.0,87,100,13.87,NZ,1596169117
317,Sisimiut,66.94,-53.67,44.33,86,98,7.18,GL,1596169195
318,Yulara,-25.24,130.99,73.4,8,0,9.17,AU,1596169196
319,Necochea,-38.55,-58.74,39.0,89,85,5.99,AR,1596169196
320,Zeya,53.75,127.27,73.15,83,100,3.2,RU,1596169196
321,Zangakatun,39.82,45.04,75.2,47,20,6.93,AM,1596169197
322,Sakakah,29.97,40.21,93.2,14,0,11.41,SA,1596169197
323,Araouane,18.9,-3.53,93.29,34,0,7.92,ML,1596169197
324,Talnakh,69.49,88.4,75.2,47,22,22.37,RU,1596169197
325,Guasdualito,7.24,-70.73,73.04,96,72,2.75,VE,1596169197
326,Morón,-34.65,-58.62,53.01,62,18,9.17,AR,1596169198
327,Caravelas,-17.71,-39.25,70.93,83,0,7.05,BR,1596169198
328,St. Marys,30.73,-81.55,78.01,100,1,6.93,US,1596169198
329,Tarakan,3.3,117.63,83.88,70,100,6.31,ID,1596169199
330,Kristiansund,63.11,7.73,57.2,87,0,4.7,NO,1596168946
331,Cértegui,5.37,-76.6,75.16,95,56,1.54,CO,1596169200
332,Asău,46.43,26.4,66.99,80,3,2.3,RO,1596169201
333,Upernavik,72.79,-56.15,43.21,72,72,4.92,GL,1596169201
334,Chernyshevskiy,63.01,112.47,69.37,46,56,9.31,RU,1596169201
335,Verkhoyansk,67.54,133.38,65.82,41,0,6.64,RU,1596169201
336,North Bend,43.41,-124.22,62.01,93,90,1.88,US,1596169201
337,Saint-Augustin,51.23,-58.65,57.22,91,99,11.52,CA,1596169202
338,Smoky Lake,54.12,-112.47,64.0,91,29,1.63,CA,1596169202
339,Lagunas,-5.23,-75.68,71.22,96,76,0.51,PE,1596169202
340,Susanville,40.42,-120.65,80.6,14,1,8.05,US,1596169035
341,Haines Junction,60.75,-137.51,67.62,51,0,5.28,CA,1596169203
342,Ratzeburg,53.7,10.77,54.0,84,47,5.19,DE,1596169203
343,Rock Sound,24.9,-76.2,83.64,76,0,22.86,BS,1596169203
344,Agüimes,27.91,-15.45,71.6,73,75,17.22,ES,1596169204
345,Antalaha,-14.9,50.28,67.87,80,1,6.35,MG,1596169024
346,Zacatepec,18.65,-99.2,73.0,82,85,1.86,MX,1596169204
347,Chirongui,-12.93,45.15,77.0,78,75,21.92,YT,1596169204
348,Kuminskiy,58.67,66.57,55.22,96,100,6.73,RU,1596169204
349,Olafsvik,64.89,-23.71,50.74,79,100,11.14,IS,1596169205
350,Filingué,14.35,3.32,88.29,48,80,5.14,NE,1596169205
351,Aklavik,68.22,-135.01,73.4,53,75,3.36,CA,1596169205
352,Bonavista,48.65,-53.11,55.0,75,99,5.82,CA,1596169205
353,Penzance,50.12,-5.54,62.01,93,0,14.99,GB,1596169205
354,Rincon,32.3,-81.24,80.6,78,75,9.17,US,1596169206
355,Ushtobe,45.25,77.98,80.46,23,77,21.61,KZ,1596169206
356,Zhigansk,66.77,123.37,64.74,51,0,9.57,RU,1596169206
357,Calama,-22.47,-68.93,42.8,3,0,19.46,CL,1596169206
358,Praia da Vitória,38.73,-27.07,69.8,83,75,11.81,PT,1596169207
359,Kahului,20.89,-156.47,84.2,51,20,20.8,US,1596169207
360,Nova Olímpia,-14.8,-57.29,67.68,60,3,2.51,BR,1596169207
361,Llangefni,53.26,-4.31,68.0,52,0,6.93,GB,1596169207
362,Tarrafal,15.28,-23.77,78.8,69,20,4.7,CV,1596169207
363,Maniitsoq,65.42,-52.9,45.34,88,91,10.94,GL,1596169208
364,Ola,59.58,151.28,57.31,65,100,4.16,RU,1596169208
365,Dalby,-27.18,151.27,68.0,37,0,6.93,AU,1596169208
366,San Quintín,30.48,-115.95,68.54,81,0,8.84,MX,1596169208
367,Oistins,13.07,-59.53,80.6,83,75,5.82,BB,1596169208
368,Namatanai,-3.67,152.43,84.72,72,100,9.82,PG,1596169209
369,Celestún,20.87,-90.4,82.27,80,7,15.55,MX,1596169209
370,Buchanan,5.88,-10.05,74.68,89,82,4.23,LR,1596169209
371,Labuan,5.28,115.24,86.0,74,20,5.82,MY,1596169209
372,Panacan,9.25,118.41,83.53,78,100,15.82,PH,1596169209
373,Toshām,28.88,75.92,93.31,52,61,5.95,IN,1596169210
374,Adrar,20.5,-10.07,86.14,49,54,8.12,MR,1596169210
375,Hambantota,6.12,81.12,84.2,89,40,13.87,LK,1596169027
376,Chacabuco,-34.64,-60.47,39.0,79,68,5.01,AR,1596169210
377,San Juan,-31.54,-68.54,52.27,39,0,8.34,AR,1596169211
378,Shingū,33.73,135.98,86.0,79,20,8.05,JP,1596169211
379,Huanta,-12.93,-74.25,53.62,66,82,2.01,PE,1596169211
380,Waddān,29.16,16.14,72.05,51,0,5.19,LY,1596169211
381,Grindavik,63.84,-22.43,51.8,93,75,9.17,IS,1596169212
382,Galle,6.04,80.22,81.37,85,100,13.49,LK,1596169212
383,Pangnirtung,66.15,-65.71,50.29,85,100,8.52,CA,1596169212
384,Palma de Mallorca,39.57,2.65,79.0,53,4,4.7,ES,1596169022
385,Am Timan,11.03,20.28,71.8,94,88,5.48,TD,1596169213
386,Paka,4.64,103.44,80.6,88,40,5.82,MY,1596169213
387,Venustiano Carranza,19.43,-99.1,62.6,88,75,5.82,MX,1596169213
388,Bacolod City,10.67,122.95,86.2,71,100,10.63,PH,1596169214
389,Bireun,5.2,96.7,86.83,57,90,2.3,ID,1596169214
390,Brejning,55.66,9.68,52.0,93,28,3.36,DK,1596169214
391,Goundam,16.41,-3.67,90.75,42,0,13.38,ML,1596169215
392,Province of Mantua,45.17,10.78,77.0,86,0,3.0,IT,1596169215
393,Bezhanitsy,56.98,29.89,54.63,91,100,7.9,RU,1596169216
394,Yar-Sale,66.83,70.83,61.3,61,0,3.29,RU,1596169216
395,Markova,48.68,24.41,62.6,88,79,4.47,UA,1596169216
396,Atherton,53.52,-2.49,64.0,60,37,4.0,GB,1596169217
397,Oyama,36.3,139.8,80.6,74,75,2.24,JP,1596169217
398,Bela,25.93,81.98,89.49,60,84,4.34,IN,1596169217
399,Yaypan,40.38,70.82,89.38,18,98,10.87,UZ,1596169217
400,Mattru,7.62,-11.83,71.71,98,32,1.63,SL,1596169218
401,Montecristi,-1.05,-80.67,69.8,88,90,5.82,EC,1596169218
402,Muriwai Beach,-36.82,174.45,57.99,72,100,3.0,NZ,1596169033
403,Kupang,-10.17,123.58,83.79,47,0,16.67,ID,1596169218
404,Newport,51.59,-3.0,64.99,80,0,7.27,GB,1596169067
405,Vestmanna,62.16,-7.17,51.8,93,100,25.28,FO,1596169219
406,Buritis,-15.62,-46.42,63.09,43,0,3.44,BR,1596169219
407,Beyneu,45.32,55.2,76.59,43,0,3.49,KZ,1596169219
408,Mandalgovi,45.76,106.27,84.69,16,42,17.83,MN,1596169219
409,Båtsfjord,70.63,29.72,51.8,93,75,6.93,NO,1596169220
410,Azovo,54.7,73.02,60.8,77,75,8.95,RU,1596169220
411,Puro,12.48,123.38,84.61,75,100,8.59,PH,1596169220
412,Egvekinot,66.32,-179.17,51.35,61,54,5.08,RU,1596169221
413,Borisoglebsk,51.37,42.08,66.99,93,77,4.9,RU,1596169221
414,Corralillo,22.98,-80.59,81.79,80,0,17.4,CU,1596169222
415,Dawlatabad,36.41,64.91,84.65,34,0,12.08,AF,1596169223
416,Ust-Nera,64.57,143.2,65.88,28,10,3.89,RU,1596169223
417,Madang,-5.22,145.8,83.79,78,100,8.99,PG,1596169223
418,Grahamstown,-33.3,26.53,42.21,94,0,3.83,ZA,1596169224
419,Lixouri,38.2,20.43,75.2,69,0,5.39,GR,1596169224
420,Manuk Mangkaw,4.8,119.85,83.26,78,100,18.92,PH,1596169224
421,Lakes Entrance,-37.88,147.98,60.01,58,55,1.01,AU,1596169224
422,Garango,11.8,-0.55,77.32,79,99,8.99,BF,1596169225
423,Marawi,8.0,124.29,84.0,76,100,4.0,PH,1596169225
424,Northam,51.03,-4.22,66.99,66,0,3.0,GB,1596169121
425,Chake Chake,-5.25,39.77,76.41,83,25,13.2,TZ,1596169226
426,Tuensang,26.28,94.83,75.76,84,99,1.23,IN,1596169226
427,Marabu,4.41,114.01,86.0,74,40,16.11,MY,1596169226
428,Sola,-13.88,167.55,82.4,83,90,14.07,VU,1596169227
429,Port Blair,11.67,92.75,83.12,76,100,18.99,IN,1596169227
430,Pacifica,37.61,-122.49,60.8,77,40,16.11,US,1596169048
431,Champerico,14.3,-91.92,81.97,79,33,6.55,GT,1596169227
432,Decatur,39.84,-88.95,72.0,94,40,9.17,US,1596169103
433,Nyrob,60.73,56.72,60.22,96,99,7.29,RU,1596169228
434,Biltine,14.53,20.92,76.6,79,100,15.68,TD,1596169228
435,San Rafael,-34.62,-68.33,48.61,47,14,9.4,AR,1596169228
436,Ust'-Omchug,61.15,149.63,53.4,51,89,15.01,RU,1596169229
437,Vila Franca do Campo,37.72,-25.43,69.8,73,40,6.93,PT,1596169229
438,Andenes,69.31,16.12,59.0,87,0,2.24,NO,1596168990
439,Yaan,7.38,8.57,71.83,97,100,7.07,NG,1596169229
440,Goderich,43.75,-81.72,72.0,74,0,1.99,CA,1596168931
441,Kidal,18.44,1.41,89.91,22,0,4.52,ML,1596169230
442,Westerland,54.91,8.3,57.2,87,63,5.82,DE,1596169230
443,Sulangan,11.14,123.72,84.51,67,100,3.56,PH,1596169231
444,Parit Buntar,5.13,100.49,78.8,94,40,4.7,MY,1596169232
445,Leshukonskoye,64.9,45.76,55.69,60,95,8.23,RU,1596169232
446,Kibre Mengist,5.88,38.98,56.82,93,11,1.68,ET,1596169232
447,Codrington,-38.27,141.97,57.16,69,96,10.56,AU,1596169232
448,Bandarbeyla,9.49,50.81,81.93,62,0,28.12,SO,1596169233
449,Sarankhola,22.31,89.79,89.11,67,26,4.14,BD,1596169233
450,Atar,20.52,-13.05,84.04,54,100,3.71,MR,1596169233
451,Esil,51.96,66.4,75.2,54,82,6.15,KZ,1596169233
452,Tiksi,71.69,128.87,42.89,84,97,6.71,RU,1596169234
453,The Valley,18.22,-63.06,82.4,74,20,12.75,AI,1596169166
454,Karratha,-20.74,116.85,81.57,18,0,9.24,AU,1596169234
455,Carutapera,-1.2,-46.02,75.74,92,50,3.51,BR,1596169234
456,Noyabrsk,63.2,75.45,63.79,46,17,10.45,RU,1596169235
457,Georgiyevskoye,58.73,45.02,55.2,95,75,5.77,RU,1596169235
458,Chicama,-7.84,-79.15,61.57,79,59,1.57,PE,1596169235
459,Govlyar,40.95,45.73,71.6,64,75,4.7,AZ,1596169236
460,Le Port,-20.94,55.29,70.0,73,35,4.7,RE,1596169237
461,Jalu,29.03,21.55,75.72,47,0,8.93,LY,1596169031
462,Cao Bang,22.67,106.25,88.03,74,91,1.61,VN,1596169237
463,Rio Grande,-32.03,-52.1,48.0,96,0,13.76,BR,1596169031
464,Snåase,64.25,12.38,56.01,89,100,4.43,NO,1596169238
465,Bandar-e Lengeh,26.56,54.88,95.0,75,8,13.87,IR,1596169238
466,Correntina,-13.34,-44.64,60.26,41,0,4.9,BR,1596169238
467,Tocopilla,-22.09,-70.2,59.9,57,13,5.97,CL,1596169238
468,Mindelo,16.89,-24.98,77.0,73,20,12.75,CV,1596169239
469,Cangzhou,38.32,116.87,94.28,45,18,10.65,CN,1596169240
470,Kloulklubed,7.04,134.26,75.2,94,90,5.82,PW,1596169241
471,Labuhan,-6.88,112.21,86.43,50,5,5.08,ID,1596169241
472,Bereda,43.27,-7.54,61.0,100,1,1.45,ES,1596169241
473,Gulbarga,17.33,76.83,81.39,76,89,8.16,IN,1596169242
474,Nizwá,22.93,57.53,93.99,32,29,3.18,OM,1596169242
475,Udayagiri,20.13,84.38,83.55,72,100,1.81,IN,1596169242
476,Ratnagiri,16.98,73.3,83.03,76,100,3.58,IN,1596169243
477,Ayat,9.03,38.85,57.2,87,90,4.7,ET,1596169243
478,Kosikha,53.36,84.58,69.8,32,0,8.95,RU,1596169243
479,Batemans Bay,-35.72,150.18,57.0,58,0,4.0,AU,1596169243
480,Scottsbluff,41.87,-103.67,66.2,82,1,4.61,US,1596169243
481,Myitkyina,25.38,97.4,83.28,86,83,1.03,MM,1596169244
482,Vikulovo,56.82,70.61,57.87,89,99,4.29,RU,1596169244
483,Sirte,31.21,16.59,76.69,78,0,6.76,LY,1596169244
484,Belaya Kholunitsa,58.84,50.85,59.54,90,39,6.76,RU,1596169244
485,Miraflores,19.22,-98.81,62.6,88,75,5.82,MX,1596169245
486,Dickinson,29.46,-95.05,82.99,88,20,6.93,US,1596169245
487,Mwene-Ditu,-7.0,23.45,62.38,42,0,5.17,CD,1596169245
488,Deer Lake,49.17,-57.43,60.03,91,61,4.85,CA,1596169245
489,Wairoa,-39.03,177.37,57.99,52,93,4.0,NZ,1596169246
490,Biryusinsk,55.96,97.82,68.88,74,91,6.4,RU,1596169246
491,Caniço,32.63,-16.85,66.2,72,20,5.82,PT,1596169246
492,Maryville,35.76,-83.97,80.01,78,75,13.87,US,1596169246
493,Penza,53.2,45.0,69.01,60,73,5.41,RU,1596169247
494,Sawākin,19.11,37.33,91.94,54,93,10.07,SD,1596169247
495,Lavrentiya,65.58,-171.0,45.23,81,100,9.33,RU,1596169247
496,Yeppoon,-23.13,150.73,75.2,38,18,12.75,AU,1596169079
497,Guanare,9.04,-69.74,72.75,94,96,1.74,VE,1596169248
498,Nizhnyaya Salda,58.08,60.72,64.94,90,98,9.1,RU,1596169248
499,Emerald,-23.53,148.17,75.2,27,0,16.11,AU,1596169018
500,Freeport,40.66,-73.58,82.0,74,1,4.12,US,1596169244
501,Leavenworth,39.23,-95.03,71.01,96,100,1.01,US,1596168955
502,Scarborough,54.28,-0.4,59.0,78,100,9.75,GB,1596169249
503,Marzuq,14.4,46.47,78.58,55,100,3.67,YE,1596169249
504,Mukhen,48.1,136.1,85.96,51,25,4.72,RU,1596169249
505,Eureka,40.8,-124.16,59.0,100,2,3.29,US,1596169250
506,Manokwari,-0.87,134.08,84.63,65,47,5.59,ID,1596169250
507,Saint-Pierre,-21.34,55.48,70.0,68,48,5.82,RE,1596169250
508,Media Luna,20.14,-77.44,80.58,76,11,21.92,CU,1596169250
509,Charters Towers,-20.1,146.27,73.89,28,0,11.95,AU,1596169250
510,Zaria,11.11,7.72,69.42,93,87,8.9,NG,1596169251
511,Bima,-8.47,118.72,87.76,39,24,8.01,ID,1596169251
512,Waingapu,-9.66,120.26,84.11,46,0,14.74,ID,1596169252
513,Teya,60.38,92.63,61.93,73,100,6.42,RU,1596169252
514,Teguise,29.06,-13.56,71.6,78,61,5.82,ES,1596169253
515,Deputatsky,69.3,139.9,59.5,45,0,4.65,RU,1596169253
516,Warkworth,-36.4,174.67,57.0,81,100,3.0,NZ,1596169253
517,Salalah,17.02,54.09,82.4,94,90,2.24,OM,1596169032
518,Havøysund,71.0,24.66,57.2,81,75,9.17,NO,1596169254
519,Hirado,33.36,129.55,89.6,66,75,5.82,JP,1596169255
520,Belgrade,44.8,20.47,71.6,88,0,5.82,RS,1596169256
521,Melfi,41.0,15.65,78.01,64,5,1.12,IT,1596169256
522,Lakselv,70.05,24.97,55.4,66,14,13.87,NO,1596169257
523,Porangatu,-13.44,-49.15,72.19,36,0,5.28,BR,1596169257
524,Takaka,-40.85,172.8,55.99,80,100,7.0,NZ,1596169257
525,General Higinio Morínigo,-25.95,-55.92,58.01,96,86,2.95,PY,1596169257
526,Kumul,42.8,93.45,80.98,21,0,5.37,CN,1596169258
527,Deder,9.32,41.45,56.57,100,100,1.34,ET,1596169258
528,Lakeside,30.13,-81.77,78.8,83,75,5.46,US,1596169023
529,Cotonou,6.37,2.42,75.87,83,100,12.15,BJ,1596169258
530,Salta,-24.79,-65.41,37.4,74,9,3.36,AR,1596169259
531,Sørland,67.67,12.69,58.51,79,40,6.02,NO,1596169259
532,Khovd,48.01,91.64,64.58,32,0,1.86,MN,1596169259
533,Toumodi,6.56,-5.02,73.4,94,75,4.7,CI,1596169259
534,Shimoda,34.67,138.95,82.4,78,75,14.99,JP,1596169194
535,Koungou,-12.73,45.2,77.0,78,75,21.92,YT,1596169260
536,Tautira,-17.73,-149.15,80.6,78,75,8.05,PF,1596169260
537,Soure,-0.72,-48.52,80.56,75,80,5.59,BR,1596169260
538,Kota Tinggi,1.74,103.9,89.01,83,20,3.36,MY,1596169006
539,Zhangye,38.93,100.45,83.73,20,68,14.61,CN,1596169261
540,Sungai Padi,6.09,101.88,87.8,74,20,4.7,TH,1596169261
541,Banes,20.96,-75.72,77.0,94,75,10.29,CU,1596169261
542,Hobyo,5.35,48.53,78.78,75,29,23.17,SO,1596169261
543,Ilulissat,69.22,-51.1,44.6,75,71,4.7,GL,1596169262
544,Twin Falls,42.56,-114.46,87.8,44,1,9.17,US,1596169061
545,Ixtapa,20.7,-105.2,81.0,94,90,2.24,MX,1596169262
546,Port Moresby,-9.44,147.18,78.37,68,8,19.04,PG,1596169262
547,Tayu,-6.54,111.05,87.64,42,5,6.64,ID,1596169262
548,Pandan,14.05,124.17,82.96,79,100,0.38,PH,1596169263
549,Vlădaia,44.35,23.03,72.0,94,0,3.36,RO,1596169263
550,Kolda,12.88,-14.95,77.0,94,40,4.7,SN,1596169263
551,Oxford,51.75,-1.26,68.0,72,0,5.82,GB,1596169263
552,Arrondissement de Villefranche-de-Rouergue,44.33,2.0,69.8,52,34,8.05,FR,1596169264
553,Bekes,46.75,21.0,66.99,81,0,1.99,HU,1596169264
554,Puerto Quijarro,-17.78,-57.77,66.49,64,0,2.35,BO,1596169264
555,Sioux Lookout,50.1,-91.92,59.0,87,5,2.57,CA,1596169264
556,Camalú,30.85,-116.07,69.67,76,0,4.74,MX,1596169264
557,Tanete,-3.94,119.78,81.46,69,95,8.55,ID,1596169264
558,Zhangjiakou,40.81,114.88,80.38,58,100,7.38,CN,1596169265
559,Zyryanka,65.75,150.85,61.25,41,77,3.58,RU,1596169265
560,Faya,18.39,42.45,68.0,88,40,4.07,SA,1596169265
561,Laguna de Perlas,12.34,-83.67,79.99,87,84,6.26,NI,1596169266
562,Southbridge,42.08,-72.03,71.01,86,100,2.59,US,1596169180
563,Pochutla,15.74,-96.47,76.62,84,91,3.62,MX,1596169266
